epic,desc,charge,spread
0485522,iShares plc (IEUR) FTSEurofirst 80 Share Price | IEUR,0.40,0.14
0847092,iShares II plc (EUN) STOXX Europe 50 Share Price | EUN,0.35,0.09
0847100,iShares II plc (EUE) Euro STOXX 50 UCITS ETF (Dist) Share Price | EUE,0.16,0.08
3097407,iShares plc (IEUT) FTSEurofirst 100 Share Price | IEUT,0.40,0.13
7018910,iShares (BlackRock Asset Management Deutschland) EURO STOXX 50 (DE) Share Price,0.16,0.03
7028704,Lyxor International Asset Management CAC 40 Master Unit Share Price,0.25,0.04
7078055,iShares (BlackRock Asset Management Deutschland) Core Dax UCITS ETF (DE) Share Price,0.16,0.04
7078066,Lyxor International Asset Management DJ Euro Stoxx 50 Master Unit Share Price,0.20,0.06
7085044,CS ETF (CH) DIS NAV Share Price,0.35,-0.09
7104604,Blackrock Asset Mngt Deutschland IShares TecDAX UCITS ETF (DE) Share Price,0.51,0.00
7131323,iShares (BlackRock Asset Management Deutschland) EURO STOXX Banks 30-15 UCITS ETF (DE) Share Price,0.51,0.08
7131419,iShares (BlackRock Asset Management Deutschland) MDAX (DE) Share Price,0.51,0.14
7222744,iShares (BlackRock Asset Management Deutschland) Dow Jones Industrial Average (DE) Share Price,0.51,0.17
7224041,UBS Global Asset Management (UK) Euro STOXX 50 UCITS A-dis Share Price,0.15,0.12
7270798,Lyxor International Asset Management MSCI US Tech Master Unit Share Price,0.30,0.05
7633216,Lyxor International Asset Management Dow Jones Global Titans 50 Share Price,0.40,0.74
7735877,UBS ETF SICAV SMI (CHF) A-dis Share Price,0.22,0.03
B00D611,iShares (BlackRock Asset Management Deutschland) STOXX Europe 600 Share Price,0.20,0.05
B02KXH5,iShares plc (IJPN) MSCI Japan UCITS ETF (Dist) Share Price | IJPN,0.59,0.09
B02KXK8,iShares plc (FXC) Large Cap UCITS ETF Share Price | FXC,0.74,0.26
B02KXL9,iShares plc (DJMC) EURO STOXX Mid Share Price | DJMC,0.40,0.12
B02KXM0,iShares plc (DJSC) EURO STOXX Small Share Price | DJSC,0.40,0.10
B04X7G9,Credit Suisse Asset Management IShares SMIM R (CH) Share Price,0.45,0.34
B0791H3,iShares (BlackRock Asset Management Deutschland) DivDAX UCITS (DE) Share Price,0.31,0.35
B0791S4,iShares (BlackRock Asset Management Deutschland) STOXX Europe Large 200 (DE) Share Price,0.20,0.49
B079247,iShares (BlackRock Asset Management Deutschland) STOXX Europe Mid 200 (DE) Share Price,0.20,0.15
B079258,iShares (BlackRock Asset Management Deutschland) STOXX Europe Small 200 (DE) Share Price,0.20,0.11
B08TZF8,iShares (BlackRock Asset Management Deutschland) EURO STOXX Select Dividend 30 (DE) Share Price,0.31,0.26
B0GL4T3,Powershares Global Funds Ireland (EQQQ) Powershares EQQQ Fund Share Price | EQQQ,0.30,0.08
B0M62Q5,iShares plc (IWRD) MSCI World UCITS ETF (Dist) Share Price | IWRD,0.50,0.10
B0M62S7,iShares plc (IDVY) EURO STOXX Select Dividend 30 Share Price | IDVY,0.40,0.14
B0M62T8,iShares plc (IDJV) EURO STOXX Total Market Value Large Share Price | IDJV,0.40,0.13
B0M62V0,iShares plc (IDJG) EURO STOXX Total Market Growth Large Share Price | IDJG,0.40,0.08
B0M62Y3,iShares plc (IAEX) AEX Share Price | IAEX,0.30,0.08
B0M6328,iShares plc (IPRP) FTSE/EPRA European Property Index Fund Share Price | IPRP,0.40,0.26
B0M6339,iShares plc (IKOR) MSCI Korea UCITS ETF (Dist) Share Price | IKOR,0.74,0.19
B0M6362,iShares plc (ITWN) MSCI Taiwan Share Price | ITWN,0.74,0.56
B0M6373,iShares plc (IFFF) MSCI AC Far East ex-Japan Share Price | IFFF,0.74,0.24
B0M6395,iShares plc (IEER) MSCI Eastern Europe 10/40 Share Price | IEER,0.74,0.12
B0XV6J0,Lyxor ETF Commodity CRB Fund Npv Share Price,0.35,0.07
B1263G9,iShares (BlackRock Asset Management Deutschland) Dow Jones Asia Pacific Select Dividend 30 Share Price,0.31,0.26
B14X4N2,iShares plc (IEUX) MSCI Europe ex-UK Share Price | IEUX,0.40,0.11
B14X4T8,iShares plc (IAPD) DJ Asia/Pacific Select Dividend 30 Share Price | IAPD,0.59,0.25
B17NZ81,Lyxor ETF Russia Dow Jones Russia GDR Share Price,0.65,0.90
B17Z877,Lyxor Master Fund Lyxor ETF Leverage DAX Share Price,0.40,0.08
B18Q2H7,iShares (BlackRock Asset Management Deutschland) Nikkei 225 Share Price,0.51,0.06
B1CDG49,iShares plc (IDUS) S&P 500 (USD) UCITS ETF (Dist) Share Price | IDUS,0.07,0.08
B1CDG61,iShares plc (IDNA) MSCI North America (USD) Share Price | IDNA,0.40,0.10
B1CDGK5,iShares plc (IDEM) MSCI Emerging Markets (USD) UCITS ETD (Dist) Share Price | IDEM,0.75,0.07
B1CDHR9,iShares plc (IDEE) MSCI Eastern Europe 10/40 Share Price | IDEE,0.74,0.12
B1CDJV7,iShares plc (IDBZ) MSCI Brazil (USD) UCITS ETF (Dist) Share Price | IDBZ,0.74,0.49
B1CDJX9,iShares plc (IDFF) MSCI AC Far East ex-Japan (USD) Share Price | IDFF,0.74,0.22
B1CDJZ1,iShares plc (IDKO) MSCI Korea (USD) UCITS ETF (Dist) Share Price | IDKO,0.74,0.18
B1CDK14,iShares plc (IDTW) MSCI Taiwan (USD) Share Price | IDTW,0.74,0.23
B1DGRZ5,Lyxor ETF Commodities CRB Non Energy Eur Share Price,0.35,0.30
B1G5179,Lyxor International Asset Management HSI Share Price,0.65,0.07
B1G5328,iShares II plc (IASP) FTSE EPRA/NAREIT Asia Property Yield Fund Share Price | IASP,0.59,0.23
B1G5340,iShares II plc (IUSP) FTSE EPRA/NAREIT US Property Yield Fund Share Price | IUSP,0.40,0.16
B1G5362,iShares II plc (IWDP) FTSE EPRA/NAREIT Developed Markets Property Yield Share Price | IWDP,0.59,0.14
B1G5384,iShares II plc (INFR) FTSE/Macquarie Global Infrastructure 100 Share Price | INFR,0.65,0.14
B1G5395,iShares II plc (ITKY) MSCI Turkey Share Price | ITKY,0.74,0.58
B1G53G2,iShares II plc (IDWP) FTSE EPRA/NAREIT Developed Markets Prop Yield Fund Share Price | IDWP,0.59,0.12
B1GJF02,iShares II plc (IDTK) MSCI Turkey (USD) Share Price | IDTK,0.74,0.60
B1GK6W4,Lyxor International Asset Management MSCI India Share Price,0.85,0.46
B1HPZ65,db X-trackers FTSE MIB UCITS ETF (DR) Share Price,0.30,0.09
B1HPZL0,db X-trackers Swiss Large Cap UCITS ETF DR 1D Share Price,0.30,0.43
B1MFTR9,Lyxor International Asset Management Lyxor ETF Privex Share Price,0.70,0.94
B1MFTS0,Lyxor International Asset Management ETF FTSE Athex 20 Share Price,0.45,2.08
B1N97S7,Societe General Asset Management SA SGAM ETF XBEAR CAC40 Share Price,0.60,0.00
B1PNBD0,Lyxor International Asset Management Lyxor ETF Brazil Share Price,0.65,0.22
B1TXHL6,iShares II plc (IPRV) S&P Listed Private Equity Share Price | IPRV,0.75,0.11
B1TXK62,iShares II plc (IH2O) S&P Global Water Share Price | IH2O,0.65,0.14
B1TXLS1,iShares II plc (IUKP) FTSE EPRA/NAREIT UK Property Fund Share Price | IUKP,0.40,0.38
B1VFFN8,Lyxor International Asset Management DJ STOXX 600 Banks EUR Acc Nav Share Price,0.30,0.09
B1VS377,ETFS Metal Securities Ltd (PHAU) Physical Gold Share Price | PHAU,0.39,0.03
B1W5MJ2,iShares II plc (BRIC) FTSE BRIC 50 Share Price | BRIC,0.74,0.21
B1WG983,Xtrackers (XMEU) MSCI Europe Index UCITS ETF (DR) 1C Share Price | XMEU,0.25,0.11
B1WG994,Xtrackers (XMJP) MSCI Japan Index UCITS ETF (DR) Share Price | XMJP,0.30,0.11
B1WG9B6,Xtrackers (XMUS) MSCI USA Index UCITS ETF Share Price | XMUS,0.30,0.22
B1WK0B5,Xtrackers (XMCX) FTSE 250 UCITS ETF (DR) Share Price | XMCX,0.15,0.10
B1WK2H5,Xtrackers (XASX) FTSE All-Share UCITS ETF (DR) Share Price | XASX,0.20,0.23
B1WK424,Xtrackers (XMEM) MSCI Emerging Markets Index UCITS ETF Share Price | XMEM,0.49,0.06
B1WKQ28,Xtrackers (XMLA) MSCI EM LATAM INDEX UCITS ETF Share Price | XMLA,0.65,0.25
B1WKYB3,Xtrackers (XMAS) MSCI EM Asia Index UCITS ETF Share Price | XMAS,0.65,0.21
B1WKYK2,Xtrackers (XMTW) MSCI Taiwan Index UCITS ETF (DR) Share Price | XMTW,0.65,0.26
B1WKYS0,Xtrackers (XMBR) MSCI Brazil Index UCITS ETF (DR) Share Price | XMBR,0.65,0.25
B1WKZ09,Xtrackers (XNIF) NIFTY 50 UCITS ETF Share Price | XNIF,0.85,0.30
B1WKZ76,Xtrackers (XKS2) MSCI Korea Index UCITS ETF (DR) Share Price | XKS2,0.65,0.14
B1WKZB0,xtrackers (XX25) FTSE China 50 UCITS ETF (DR) Share Price | XX25,0.60,0.14
B1WKZD2,Xtrackers (XD3E) Euro Stoxx Quality Dividend UCITS E Share Price | XD3E,0.30,0.08
B1WKZH6,Xtrackers (XGSD) Stoxx Global Select Dividend 100 UCITS ETF Share Price | XGSD,0.50,0.23
B1WMNV2,Multi Units France (L250) Lyxor ETF FTSE 250 Share Price | L250,0.35,0.29
B1WMNY5,Multi Units France (LFAS) ETF FTSE ALL SHARE Share Price | LFAS,0.40,0.72
B1Y9MY7,iShares II plc (IMIB) FTSE MIB UCITS ETF (Dist) Share Price | IMIB,0.35,0.08
B1Y9MZ8,iShares II plc (INRG) S&P Global Clean Energy Share Price | INRG,0.65,0.18
B1YMRM9,Lyxor International Asset Management EURO STOXX 50 Daily Leverage Share Price,0.40,0.04
B1YMRQ3,Lyxor International Asset Management (AFSL) Lyxor ETF South Africa (FTSE/JSE TOP40) Share Price | AFSL,0.65,0.74
B1Z2TT9,iShares II plc (IMEU) MSCI Europe UCITS ETF (Dist) Share Price | IMEU,0.35,0.07
B236VD8,DB X-trackers DBLCI - OY Balanced UCITS ETF (EUR) Share Price,0.55,0.11
B23QLF0,iShares (BlackRock Asset Management Deutschland) Diversified Commodity Swap UCITS ETF (DE) Share Price,0.46,0.06
B248JB7,Powershares Global Fund Ireland (PSRF) FTSE Rafi US 1000 Fd - USD Share Price | PSRF,0.45,0.12
B248JV7,Powershares Global Fund Ireland (PSRE) FTSE Rafi Europe Fd - Euro shs Share Price | PSRE,0.39,0.20
B248JW8,Powershares Global Funds Ireland (PSES) FTSE Rafi Dev Europe Mid-Small Fund Euro Share Price | PSES,0.75,0.20
B248K36,PowerShares ETF (PSWC) Dynamic US Market UCITS ETF Share Price | PSWC,0.75,0.19
B248K58,Powershares Global Funds Ireland (PSRM) FTSE Rafi Emerging Markets Fund Share Price | PSRM,0.65,0.22
B248K69,Powershares Global Fund Ireland (PSRU) FTSE Rafi UK 100 Fd - Sterling Shs Share Price | PSRU,0.50,0.18
B248K81,Powershares Global Funds Ireland (PSRW) FTSE Rafi All-World 3000 Fund Share Price | PSRW,0.39,0.25
B24CVW4,Xtrackers (XMWD) MSCI World Index UCITS ETF Share Price | XMWD,0.45,0.07
B24CWV0,Xtrackers (XMMD) MSCI Emerging Markets Index UCITS ETF Share Price | XMMD,0.49,0.08
B24CX06,Xtrackers (XMXD) MSCI EM EMEA Index UCITS ETF Share Price | XMXD,0.65,0.65
B27YCF7,iShares II plc (WOOD) S&P Global Timber & Forestry (USD) Share Price | WOOD,0.65,0.12
B27YCK2,iShares II plc (LTAM) MSCI EM Latin America (GBP) UCITS ETF (Dist) Share Price | LTAM,0.74,0.39
B27YCN5,iShares II plc (ISWD) MSCI World Islamic Share Price | ISWD,0.60,0.18
B28MDV3,Lyxor International Asset Management New Energy A Share Price,0.60,0.79
B296QM6,iShares II plc (ISUS) MSCI USA Islamic Share Price | ISUS,0.50,0.21
B2NPL13,iShares II plc (IEMI) S&P Emerging Market Infrastructure USD Share Price | IEMI,0.74,0.58
B2PDCG7,Xtrackers (XESX) Euro STOXX® 50 UCITS ETF (DR) 1D Share Price | XESX,0.09,0.10
B2PDK96,Xtrackers (XSDX) ShortDAX® Daily UCITS ETF Share Price | XSDX,0.40,0.08
B2PDKB8,Xtrackers (XSSX) Euro Stoxx 50® Short Daily UCITS ETF Share Price | XSSX,0.40,0.16
B2PDKQ3,Xtrackers (XSPS) S&P 500 Inverse Daily UCITS ETF Share Price | XSPS,0.50,0.09
B2PDKV8,Xtrackers (XMRC) MSCI Russia Capped Index Share Price | XMRC,0.65,0.27
B2PDKW9,Xtrackers (XFVT) FTSE Vietnam UCITS ETF Share Price | XFVT,0.85,0.93
B2PDL04,Xtrackers (XSGI) S&P Global Infrastructure UCITS ETF Share Price | XSGI,0.60,0.30
B2PDL26,Xtrackers (XAUS) S&P/ASX 200 UCITS ETF (DR) Share Price | XAUS,0.50,0.22
B2PDL59,Xtrackers (XSFR) S&P Select Frontier UCITS ETF Share Price | XSFR,0.95,1.19
B2PDM89,Xtrackers (XVTD) FTSE Vietnam UCITS ETF Share Price | XVTD,0.85,0.94
B2QWCY1,iShares III plc (ISP6) S&P SmallCap 600 (GBP) Share Price | ISP6,0.40,0.18
B2QWDR1,iShares II plc (ISFE) MSCI AC Far East ex-Japan SmallCap Share Price | ISFE,0.74,0.45
B2QWDY8,iShares III plc (ISJP) MSCI Japan SmallCap Share Price | ISJP,0.58,0.19
B2QWF08,iShares III plc (IDP6) S&P SmallCap 600 (USD) Share Price | IDP6,0.40,0.21
B39DX78,Xtrackers (XUKS) FTSE 100 Short Daily UCITS ETF Share Price | XUKS,0.50,0.07
B39DX89,Xtrackers (XSPR) Stoxx® Europe 600 Basic Resources UCITS ETF Share Price | XSPR,0.30,0.11
B39DX90,db X-trackers (XSER) Stoxx® Europe 600 Oil & Gas UCITS ETF Share Price | XSER,0.30,0.18
B39DXC3,Xtrackers (XSDR) Stoxx® Europe 600 Health Care UCITS ETF Share Price | XSDR,0.30,0.12
B39DXD4,Xtrackers (XS7R) Stoxx® Europe 600 Banks UCITS ETF Share Price | XS7R,0.30,0.10
B39DXF6,Xtrackers (XSKR) Stoxx® Europe 600 Telecommunications UCITS ETF Share Price | XSKR,0.30,0.11
B39DXG7,Xtrackers (XS8R) STOXX Europe 600 Technology Share Price | XS8R,0.30,0.09
B39DXH8,Xtrackers (XS6R) Stoxx® Europe 600 Utilities UCITS ETF Share Price | XS6R,0.30,0.12
B39DXQ7,Xtrackers (XS3R) Stoxx® Europe 600 Food & Beverage UCITS ETF Share Price | XS3R,0.30,0.17
B39DXT0,Xtrackers (XSNR) Stoxx® Europe 600 Industrial Goods UCITS ETF Share Price | XSNR,0.30,0.15
B39VCQ4,Xtrackers (XEUM) MSCI Europe Mid Cap Index UCITS ETF (DR) Share Price | XEUM,0.25,0.06
B39VCS6,Xtrackers (XXSC) MSCI Europe Small Cap Index UCITS ETF (DR) Share Price | XXSC,0.30,0.13
B39YP97,Lyxor International Asset Management Leverage CAC 40 Share Price,0.40,0.06
B3BXXT8,Xtrackers (XAXJ) MSCI AC Asia ex Japan Index UCITS ETF Share Price | XAXJ,0.65,0.18
B3BXXW1,Xtrackers (XPXJ) MSCI Pacific ex Japan Index UCITS ETF (DR) Share Price | XPXJ,0.45,0.21
B3BXY06,Xtrackers (XSX6) Stoxx® Europe 600 UCITS ETF (DR) Share Price | XSX6,0.20,0.06
B3C96T6,Xtrackers (XPXD) MSCI Pacific ex Japan Index UCITS ETF (DR) Share Price | XPXD,0.45,0.19
B3CJVD5,GO UCITS ETF Solutions plc (AUCO) DaxGlobal Gold Mining Fund (USD) Share Price | AUCO,0.65,0.87
B3CJZ88,GO UCITS ETF Solutions plc (RTWO) Russell 2000 Fund USD Share Price | RTWO,0.45,0.14
B3DWRM4,GO UCITS ETF Solutions plc (AUCP) DaxGlobal Gold Mining Fund (USD) GBP Share Price | AUCP,0.65,0.32
B3DWS09,GO UCITS ETF Solutions plc (RTWP) Russell 2000 US Small Cap Fund GBP Share Price | RTWP,0.45,0.18
B3F81G2,iShares III plc (IEMS) MSCI Emerging Markets SmallCap (USD) Share Price | IEMS,0.74,0.58
B3F8G34,Julius Baer ETF Physical Gold Fund USD A Share Price,0.41,19.25
B3L1LV0,Ossiam (EUMV) ISTOXX Europe Minimum Variance NR UCITS ETF 1C EUR Share Price | EUMV,0.65,0.47
B3LT1Q9,Multi Units Luxembourg (HLTG) Lyxor MSCI World Health Care TR GBP Share Price | HLTG,0.30,0.51
B3LVBF4,Multi Units Luxembourg (MATG) Lyxor MSCI World Materials TR GBP Share Price | MATG,0.30,0.60
B3M25V0,Multi Units Luxembourg Lyxor ETF Canada S&P TSX 60 B (USD)GBX Share Price,0.40,0.00
B3MM769,Xtrackers (XS2D) S&P 500 2x Leveraged Daily UCITS ETF Share Price | XS2D,0.60,0.15
B3MZDT3,Multi Units Luxembourg Lyxor ETF Australia S&P ASX200 B (USD)GBX Share Price,0.40,90.00
B3N14D1,Xtrackers (XSPU) S&P 500 UCITS ETF Share Price | XSPU,0.15,0.04
B3PR9N2,Xtrackers (XT2D) S&P 500 2x Inverse Daily UCITS ETF Share Price | XT2D,0.70,0.46
B3PS388,Multi Units Luxembourg (LSPX) Lyxor ETF S&P 500 B (USD)GBX Share Price | LSPX,0.15,0.11
B3QHF77,HSBC ETFs plc (HKOR) Korea UCITS ETF USD (GBP) Share Price | HKOR,0.60,0.18
B3R8YY9,Source Markets (MXFS) Source MSCI Emerging Markets UCITS ETF Share Price | MXFS,0.54,0.10
B3VFBK1,SSGA SPDR ETFs Europe I plc (USDV) S&P US Dividend Aristocrats Share Price | USDV,0.35,0.11
B3VQZM4,HSBC ETFS plc (HMEX) MSCI Mexico Capped ETF GBP Share Price | HMEX,0.60,0.41
B3X5BN2,Source Markets Plc (S250) FTSE 250 UCITS ETF Share Price | S250,0.25,0.14
B3X5PK7,Ossiam (S6EW) STOXX Europe 600 Equal Weight NR UCITS ETF 1C Share Price | S6EW,0.35,0.39
B3XDD63,Source Markets Plc (S100) FTSE 100 UCITS ETF Share Price | S100,0.20,0.14
B3XPYQ6,Xtrackers (XMES) MSCI Mexico Index UCITS ETF (DR) Share Price | XMES,0.65,0.41
B3Y8X56,iShares V plc (IGUS) S&P 500 Monthly GBP Hedged (GBP) Share Price | IGUS,0.20,0.15
B3ZJS08,Xtrackers (XCS4) MSCI Thailand Index UCITS ETF (DR) Share Price | XCS4,0.50,0.39
B3ZPVL8,iShares (BlackRock Asset Management Deutschland) STOXX Europe 600 Basic Resources Share Price,0.46,0.15
B3ZW0K1,IShares V plc (IUSE) S&P 500 EUR HEDGED EUR UCITS ACC Share Price | IUSE,0.20,0.09
B40BCN7,Xtrackers (XCX4) MSCI Thailand Index UCITS ETF (DR) Share Price | XCX4,0.50,0.44
B40BG46,Xtrackers (XCS3) MSCI Malaysia Index UCITS ETF (DR) Share Price | XCS3,0.50,0.72
B40K2X4,Invesco Physical Markets (SPAL) Palladium P-ETC 31/12/60 USD Share Price | SPAL,0.39,0.37
B40Y0X2,HSBC ETFs plc (HIDR) MSCI Indonesia UCITS ETF GBP Share Price | HIDR,0.60,0.41
B415N24,iShares (BlackRock Asset Management Deutschland) Europe 600 Automobiles & Parts (DE) Share Price,0.46,0.15
B41JFV9,XTrackers (XCX5) MSCI India Index UCITS ETF Share Price | XCX5,0.75,0.23
B425WB5,iShares (BlackRock Asset Management Deutschland) STOXX Europe 600 Oil & Gas Share Price,0.46,0.07
B425ZM7,iShares Physical Metals plc (SSLN) Physical Silver ETC Share Price | SSLN,0.40,0.09
B42TW06,HSBC ETFs Plc (HUKX) FTSE 100 UCITS ETF Share Price | HUKX,0.07,0.31
B42Y5M4,Xtrackers (XMEX) MSCI Mexico Index UCITS ETF (DR) Share Price | XMEX,0.65,0.35
B42YS92,iShares V plc (IGWD) MSCI World Monthly GBP Hedged (GBP) Share Price | IGWD,0.55,0.24
B42Z5J4,iShares V plc (IJPE) MSCI Japan Monthly EUR Hedged (EUR) Share Price | IJPE,0.64,0.10
B430TV8,HSBC ETFS plc (HTWN) MSCI TAIWAN UCITS ETF GBP Share Price | HTWN,0.60,0.25
B43HR37,iShares V plc (IUHC) S&P 500 Health Care Sector UCITS ETF USD Acc Share Price | IUHC,0.15,0.17
B441G97,iShares V plc (IWDE) MSCI World Monthly EUR UCITS ACC HDG Share Price | IWDE,0.55,0.12
B44BVG9,Blackrock Asset Mngt Deutschland IShares STOXX Europe 600 Insurance UCITS ETF (DE) Share Price,0.46,0.21
B44NX70,iShares V plc (UIFS) S&P 500 Financials Sector UCITS ETF USD Acc Share Price | UIFS,0.15,0.10
B44T3H8,HSBC ETFs plc (HMCH) MSCI China ETF (GBP) Share Price | HMCH,0.60,0.27
B4553J7,iShares (BlackRock Asset Management Deutschland) STOXX 600 Food & Beverage (DE) Share Price,0.46,0.15
B456TR0,iShares V plc (IITU) S&P 500 Information Technology Sector ETF USD Acc Share Price | IITU,0.15,0.13
B45CJS9,iShares V plc (IESU) S&P 500 Energy Sector UCITS GBP ACC Share Price | IESU,0.15,0.11
B4885P3,HSBC ETFs plc (HMYR) MSCI Malaysia UCITS ETF GBP Share Price | HMYR,0.60,0.54
B4K6B02,HSBC ETFs Plc (H50E) Euro Stoxx 50 UCITS Share Price | H50E,0.05,0.08
B4KK7T5,Xtrackers (XMAF) MSCI Africa TOP 50 Index UCITS ETF Share Price | XMAF,0.65,0.65
B4L50M3,iShares (BlackRock Asset Management Deutschland) STOXX Europe 600 Banks (DE) Share Price,0.46,0.12
B4L5YX2,iShares III plc (IJPA) Core MSCI Japan IMI Acc Share Price | IJPA,0.20,0.14
B4L60K4,iShares III plc (SMEA) MSCI Europe (Acc) EUR Share Price | SMEA,0.33,0.12
B4L60Z9,iShares III plc (SWDA) Core MSCI World (Acc) Share Price | SWDA,0.20,0.08
B4L6112,iShares III plc (SEMA) MSCI Emerging Markets (Acc) USD Share Price | SEMA,0.68,0.27
B4L61L2,iShares III plc (SJPA) Core MSCI Japan IMI Acc USD (GBX) Share Price | SJPA,0.20,0.16
B4LV9V3,Xtrackers (XCX6) MSCI China Index UCITS ETF (DR) Share Price | XCX6,0.65,0.18
B4LVDS8,iShares V plc (SPOL) MSCI Poland UCITS ETF USD Acc (GBP) Share Price | SPOL,0.74,0.29
B4LZ6C5,Xtrackers (XCX3) xtrackers MSCI Malaysia Index UCITS ETF (DR) Share Price | XCX3,0.50,0.43
B4M7GH5,iShares V plc (IPOL) MSCi Poland UCITS ETF Share Price | IPOL,0.74,0.27
B4MXM64,iShares (BlackRock Asset Management Deutschland) STOXX Europe 600 Utilities Share Price,0.46,0.14
B4NFRC0,iShares (BlackRock Asset Management Deutschland) STOXX Europe 600 Personal & Household Goods Share Price,0.46,0.22
B4NL5C4,iShares (BlackRock Asset Management Deutschland) STOXX Europe 600 Construction & Materials (DE) Share Price,0.46,0.16
B4P67F4,Ossiam (LUMV) US Minimum Variance NR UCITS ETF 1C GBP Share Price | LUMV,0.65,0.19
B4PT173,db X-trackers MSCI Europe Value Factor UCITS ETF (DR) Share Price,0.25,0.28
B4QNHH6,GO UCITS ETF Solutions plc (DEL2) DAX 2X Long Fund Share Price | DEL2,0.40,0.43
B4QNHZ4,GO UCITS ETF Solutions plc (DES2) DAX 2X Short Fund Share Price | DES2,0.60,0.40
B4QNJJ2,GO UCITS ETF Solutions plc (LUK2) FTSE 100 Leveraged (2X) Fund Share Price | LUK2,0.50,0.11
B4QNK00,GO UCITS ETF Solutions plc (SUK2) FTSE 100 Super Short Strategy (2X) Fund Share Price | SUK2,0.60,0.10
B4STTG5,Xtrackers (XESC) Euro STOXX 50 UCITS ETC (DR)1C Share Price | XESC,0.09,0.10
B4VG929,iShares VII plc (CSCA) MSCI Canada USD (GBP) Share Price | CSCA,0.48,0.28
B4WB860,iShares plc (CUS1) MSCI USA Small Cap UCITS ETF USD Acc Share Price | CUS1,0.43,0.14
B4WN004,HSBC ETFs plc (HZAR) MSCI South Africa USD(GBP) Share Price | HZAR,0.60,0.27
B4WPHX2,GO UCITS ETF Solutions plc (COMF) Dow Jones UBS Longer Dated All Commodities Share Price | COMF,0.30,0.14
B4WXJD0,iShares III plc (IPXJ) MSCI Pacific ex-Japan (USD) Share Price | IPXJ,0.60,0.24
B4WXJM9,iShares III plc (SPXJ) MSCI Pacific ex-Japan GBP Share Price | SPXJ,0.60,0.31
B4X9L53,HSBC ETFS Plc (HMWD) MSCI World ETF USD Share Price | HMWD,0.15,0.15
B4XKCN1,iShares VII plc (CMB1) FTSE MIB UCITS ETF Share Price | CMB1,0.33,0.20
B4XQMC8,iShares (BlackRock Asset Management Deutschland) STOXX Europe 600 Health Care (DE) Share Price,0.46,0.13
B4YBJ21,SSGA SPDR ETFs Europe I plc (SPY4) S&P 400 US Mid Cap ETF Share Price | SPY4,0.30,0.19
B4Z6YS6,iShares VII plc (CUKS) MSCI UK Small CAP UCITS ETF Share Price | CUKS,0.58,0.46
B4Z7940,iShares VII plc (CSX5) Core EURO STOXX 50 Share Price | CSX5,0.10,0.10
B502KH7,iShares VII plc (CNKY) Nikkei 225 UCITS ETF JPY Acc Share Price | CNKY,0.48,0.10
B50YWZ5,iShares VII plc (CSPX) Core S&P 500 B USD ACC Share Price | CSPX,0.07,0.11
B5149Q4,iShares VII plc (CEA1) MSCI EM Asia UCITS ETF USD (Acc) Share Price | CEA1,0.65,0.18
B518375,iShares VII plc (CUKX) Core FTSE 100 (Acc) Share Price | CUKX,0.07,0.11
B51PG22,iShares VII plc (CMX1) MSCI Mexico Capped USD (GBP) Share Price | CMX1,0.65,0.38
B51WGY5,GO UCITS ETF Solutions plc (CMFP) ETFS Longer Dated All Commodities GO UCITS ETF Share Price | CMFP,0.30,0.14
B520ZV8,iShares VII plc (CS51) iShares Core EURO STOXX 50 B EUR Acc (GBP) Share Price | CS51,0.10,0.12
B521C87,iShares VII plc (CSP1) Core S&P 500 B GBP ACC Share Price | CSP1,0.07,0.10
B52FJN3,iShares plc (CES1) MSCI EMU Small Cap UCITS ETF Share Price | CES1,0.58,0.28
B52FK41,iShares II plc (IGSG) Dow Jones Global Sustainability Screened (GBP) Share Price | IGSG,0.60,0.11
B52VJ19,iShares II plc (IESE) MSCI Europe SRI UCITS ETF Share Price | IESE,0.30,0.13
B52XQP8,iShares III plc (IRSA) MSCI South Africa (USD) Share Price | IRSA,0.65,0.29
B52XR66,iShares III plc (SRSA) MSCI South Africa (USD) GBX Share Price | SRSA,0.65,0.33
B52YSM2,iShares III plc (SAUS) MSCI Australia (USD) GBX Share Price | SAUS,0.50,0.27
B539440,Ossiam ETF (USMV) MSCI USA Minimum Variance USD Share Price | USMV,0.65,0.18
B53H013,UBS ETFs plc (UC15) CMCI Composite SF UCITS A Acc (USD) Share Price | UC15,0.37,0.32
B53HXJ2,iShares VII plc (CNX1) NASDAQ 100 UCITS ETF USD Acc Share Price | CNX1,0.33,0.10
B53WKP2,iShares VII plc (CSUK) MSCI UK UCITS ETF GBP Acc Share Price | CSUK,0.33,0.33
B540668,Source Markets (SPXS) S&P 500 UCITS ETF A Share Price | SPXS,0.05,0.09
B542V81,iShares VII plc (CNDX) NASDAQ 100 USD ACC Share Price | CNDX,0.33,0.12
B5497R3,iShares VII plc (CEU1) MSCI EMU UCITS ETF Share Price | CEU1,0.33,0.20
B54DM92,iShares (BlackRock Asset Management Deutschland) STOXX Europe 600 Retail (DE) Share Price,0.46,0.35
B54TDV9,GO UCITS ETF Solutions plc (DL2P) DAX 2X Long Fund Shares Eur (GBP) Share Price | DL2P,0.40,0.43
B554N24,GO UCITS ETF Solutions plc (DS2P) DAX 2X Short Fund Shares EUR (GBP) Share Price | DS2P,0.60,0.33
B55LJY9,iShares VII plc (CRU1) MSCI Russia ADR/GDR UCITS ETF Share Price | CRU1,0.65,0.22
B55Q955,iShares VII plc (CU1) MSCI USA USD Acc (GBP) Share Price | CU1,0.33,0.13
B56T0F0,HSBC ETFs plc (HMLA) MSCI Em Latin America UCITS ETF GBP Share Price | HMLA,0.60,0.28
B57JD27,HSBC ETFs plc (HCAN) MSCI Canada UCITS ETF USD (GBP) Share Price | HCAN,0.35,0.34
B57QMP4,HSBC ETFs plc (HTRY) MSCI Turkey Share Price | HTRY,0.60,0.39
B57Y946,Xtrackers (XSIL) Physical Silver ETC Share Price | XSIL,0.40,0.08
B580X30,iShares VII plc (CPJ1) Core MSCI Pacific ex-Japan UCITS ETF Share Price | CPJ1,0.20,0.26
B5840F3,Xtrackers (XGLD) Physical Gold ETC Share Price | XGLD,0.25,0.03
B588CD7,ETFS Metal Securities Ltd (SGBS) Physical Swiss Gold Share Price | SGBS,0.25,0.05
B599TV6,Source Physical Markets (SGLD) Physical Gold P-ETC Certs Share Price | SGLD,0.29,0.05
B5BD198,HSBC ETFs Plc (HMWO) MSCI World ETF GBP Share Price | HMWO,0.15,0.10
B5BD5K7,HSBC ETFs Plc (HMEU) MSCI Europe Share Price | HMEU,0.20,0.11
B5KQNG9,HSBC ETFs plc (HSPX) S&P 500 ETF USD Share Price | HSPX,0.09,0.09
B5L01S8,HSBC ETFS plc (HPRO) FTSE EPRA/NAREIT Developed Share Price | HPRO,0.40,0.16
B5LP3W1,HSBC ETFS Plc (HMFE) MSCI Em Far East ETF GBP Share Price | HMFE,0.60,0.03
B5M1WJ8,SSGA SPDR ETFs Europe I plc (EUDV) S&P Euro Dividend Aristocrats GBP Share Price | EUDV,0.30,0.10
B5MJSV6,iShares (BlackRock Asset Management Deutschland) STOXX Europe 600 Telecommunications Share Price,0.46,0.09
B5N33Z6,Xtrackers (XCAD) MSCI Canada Index UCITS ETF (DR) Share Price | XCAD,0.35,0.38
B5NRV32,Xtrackers (XPHG) MSCI Philippines IM Index UCITS ETF (DR) Share Price | XPHG,0.65,0.66
B5QM0F9,Xtrackers (XDER) FTSE EPRA/NAREIT Developed Europe Real Estate (DR) Share Price | XDER,0.33,0.21
B5SG8Z5,HSBC ETFs Plc (HMXJ) MSCI Pacific Ex Japan Share Price | HMXJ,0.40,0.21
B5SZD35,Xtrackers (XMID) MSCI Indonesia Index UCITS ETF Share Price | XMID,0.65,0.45
B5SZDQ8,Source Markets Plc (XLVS) Healthcare S&P US Sel Sector UCITS ETF Share Price | XLVS,0.30,0.17
B5SZKJ0,Source Markets Plc (XLFS) Financials S&P US Select Sector UCITS ETF Share Price | XLFS,0.30,0.15
B5SZKS9,Source Markets Plc (XLUS) Utilities S&P US Sel Sector UCITS ETF Share Price | XLUS,0.30,0.15
B5TGZG4,Source Markets Plc (XLIS) Industrials S&P US Sel Sector ETF Share Price | XLIS,0.30,0.16
B5TP7K9,Source Markets Plc (XLYS) Consumer Disc S&P US Sel Sector Source UCITS ETF Share Price | XLYS,0.30,0.14
B5V4RV5,Xtrackers (XBCU) DBLCI - OY Balanced UCITS ETF Share Price | XBCU,0.55,0.20
B5V8739,iShares VII plc (CSRU) MSCI Russia ADR/GDR UCITS ETF Share Price | CSRU,0.65,0.22
B5V9TD6,Source Markets Plc (XLPS) Consumer Staples S&P US Sel Sec Source UCITS ETF Share Price | XLPS,0.30,0.14
B5VJL30,Xtrackers (XPHI) MSCI Philippines IM Index UCITS ETF (DR) Share Price | XPHI,0.65,0.52
B5VX756,HSBC ETFs Plc (HMJP) MSCI Japan UCITS Share Price | HMJP,0.19,0.14
B5VZ097,Source Markets Plc (XLKS) Technology S&P US Sel Sector UCITS ETF Share Price | XLKS,0.30,0.13
B5W34K9,HSBC ETFs Plc (HMBR) MSCI Brazil (USD) Share Price | HMBR,0.60,0.18
B5WFQ43,HSBC ETFs Plc (HMUS) MSCI USA Share Price | HMUS,0.30,0.17
B5WLZJ9,Source Markets Plc (XLES) Energy S&P US Sel Sector Source UCITS ETF Share Price | XLES,0.30,0.18
B5ZPRQ9,HSBC ETFs plc (HMEF) MSCI Emerging Markets UCITS ETF GBP Share Price | HMEF,0.40,0.24
B60CDJ7,iShares V plc (SEDY) Dow Jones Emerging Markets Select Div GBP Share Price | SEDY,0.65,0.30
B614SD1,Xtrackers (XLDX) LevDAX Daily UCITS ETF Share Price | XLDX,0.35,0.15
B6191M6,iShares (BlackRock Asset Management Deutschland) STOXX Europe 600 Real Estate UCITS ETF (DE) Share Price,0.46,0.17
B61BDZ9,Xtrackers (XSD2) ShortDAX X2 Daily UCITS ETF Share Price | XSD2,0.60,0.17
B62NTH8,HSBC ETFS Plc (HRUB) MSCI Russia Capped UCITS ETF GBP Share Price | HRUB,0.60,0.29
B62SW52,Lyxor International Asset Management FTSE EPRA/NAREIT Developed Europe Share Price,0.40,0.07
B631GS1,Source Markets Plc (RDXS) Source RDX UCITS ETF A SHS USD Share Price | RDXS,1.20,0.34
B635CC9,Ossiam ETF (UKMV) FTSE 100 Min Variance 1C A NR GBP Share Price | UKMV,0.45,0.29
B645G59,SSGA SPDR ETFs Europe I plc (EMDV) S&P Emerging Markets Dividend GBP Share Price | EMDV,0.55,0.31
B653CR6,Multi Units Luxembourg (INUG) Lyxor ETF MSCI World Industrals TR Share Price | INUG,0.30,0.61
B653D73,Multi Units Luxembourg (DISG) Lyxor MSCi World Consumer Discretny GBP Share Price | DISG,0.30,0.59
B65CS86,Multi Units Luxembourg (TNOG) MSCI World Information Technology Share Price | TNOG,0.30,0.59
B66C6Q9,Multi Units Luxembourg (STAG) Lyxor MSCI World Consumer Staples TR GBP Share Price | STAG,0.30,0.58
B66SS94,Invesco Physical Markets (SSLV) Silver P-ETC 31/12/60 USD Share Price | SSLV,0.39,0.06
B66Y4S3,Multi Units Luxembourg (NRGG) Lyxor MSCI World Energy TR GBP Share Price | NRGG,0.30,0.49
B6873M7,Xtrackers (XDBG) DBLCI - OY Balanced UCITS ETF (GBP) Share Price | XDBG,0.55,0.12
B68KHX5,Multi Units Luxembourg (UTIG) Lyxor MSCI World Utilities Tr GBP Share Price | UTIG,0.30,0.62
B690381,Xtrackers (XSPX) S&P 500 UCITS ETF Share Price | XSPX,0.15,0.06
B6R2GC4,Source Markets (X7PS) Source STOXX Europe 600 Optimised Banks UCITS ETF Share Price | X7PS,0.30,0.17
B6R51Q2,iShares V plc (SPOG) S&P Commodity Producers Oil & Gas UCITS ETF USD Ac Share Price | SPOG,0.55,0.12
B6R51R3,iShares V plc (SPGP) S&P Commodity Producers Gold ETF USD Acc (GBP) Share Price | SPGP,0.55,0.19
B6R51S4,iShares V plc (SPAG) S&P Commodity Producers Agribusiness USD Acc (GBP) Share Price | SPAG,0.55,0.13
B6R51T5,iShares V plc (SSAC) MSCI ACWI UCITS ETF USD Acc (GBP) Share Price | SSAC,0.60,0.18
B6S2Z82,SSGA SPDR ETFs Europe I plc (UKDV) S&P UK Dividend Aristocrats GBP Share Price | UKDV,0.30,0.09
B6T6TR0,Source Markets plc (MLPD) Morningstar US En Inf MLP UCITS ETF B USD Share Price | MLPD,1.25,0.29
B6TMFC5,Source Markets (LGCF) LGIM Commodity Composite UCITS ETF Share Price | LGCF,0.40,0.30
B6TWGH7,UBS ETF SICAV (UB17) MSCI EMU Value Share Price | UB17,0.25,0.44
B6VJTX3,UBS ETF SICAV (UB45) MSCI Pacific Socially Responsible UCITS ETF A-dis Share Price | UB45,0.40,0.29
B6WFJB8,SSGA SPDR ETFs Europe I plc (ACIM) SPDR MSCI ACWI IMI USD(GBP) Share Price | ACIM,0.40,0.25
B6WFJC9,SSGA SPDR ETFs Europe I plc (ACWI) SPDR MSCI ACWI USD (GBP) Share Price | ACWI,0.40,0.15
B6WFJF2,SSGA SPDR ETFs Europe I plc (EMAS) SPDR MSCI Emerging Markets Asia Share Price | EMAS,0.55,0.28
B6WFJK7,SSGA SPDR ETFs Europe I plc (EMSM) MSCI Emerging Markets Small Cap Share Price | EMSM,0.55,0.88
B6WFJL8,SSGA SPDR ETFs Europe I plc (EMRG) SPDR MSCI Emerging Markets Share Price | EMRG,0.42,0.33
B6YRHS5,UBS ETF SICAV (UC46) MSCI USA Socially Responsible UCITS A USD Dis Share Price | UC46,0.33,0.51
B6YW638,Source Markets plc (RTYS) Russell 2000 UCITS Share Price | RTYS,0.45,0.15
B6YX5C3,SPDR ETFs Europe I plc (SPY5) S&P 500 USD Share Price | SPY5,0.09,0.07
B6YX5D4,SPDR ETFs Europe I plc (UDVD) S&P US Dividend Aristocrats USD Share Price | UDVD,0.35,0.12
B739W06,UBS ETF SICAV (UB02) MSCI Japan Share Price | UB02,0.35,0.44
B7452L4,SSGA SPDR ETFs Europe I plc (FTAL) FTSE UK All Share Share Price | FTAL,0.20,0.28
B762DP4,Ossiam ETF (LMMV) Emerging Markets Minimum Variance Share Price | LMMV,0.75,0.84
B76HL88,UBS ETF SICAV (UB32) MSCI Emerging Markets Share Price | UB32,0.45,0.23
B79W2J8,UBS ETF SICAV (UB69) MSCI EMU Small Cap UCITS ETF A - Dis Share Price | UB69,0.33,0.45
B7K2811,UBS ETF SICAV (UB06) MSCI EMU Share Price | UB06,0.18,0.31
B7NLLH2,Vanguard Funds plc (VWRL) FTSE All-World UCITS ETF USD(GBP) Share Price | VWRL,0.25,0.19
B7NLLS3,Vanguard Funds plc (VUSA) S&P 500 UCITS ETF USD(GBP) Share Price | VUSA,0.07,0.06
B7RMD19,UBS ETF SICAV (UB12) MSCI Europe Share Price | UB12,0.20,0.38
B7SXJL3,iShares VI plc (EMV) Edge MSCI EM Minimum Volatility GBP Share Price | EMV,0.40,0.34
B7T3XC1,UBS ETF SICAV (UB23) MSCI Canada Share Price | UB23,0.34,0.51
B7TKRN1,UBS ETF SICAV (UB03) FTSE 100 UCITS ETF A Inc Share Price | UB03,0.20,0.52
B7TLMS4,UBS (Irl) ETF plc (UC07) MSCI USA Value UCITS Share Price | UC07,0.20,0.53
B7TLNN6,UBS ETF SICAV (UB39) MSCI Europe & Middle East Socially Resp UCITS ETF Share Price | UB39,0.28,0.13
B7TLRJ0,UBS ETF SICAV (UB20) MSCI Pacific (ex Japan) Share Price | UB20,0.30,0.39
B7V4593,Lyxor International Asset Management (DJEL) Dow Jones Industrial Average Share Price | DJEL,0.50,0.24
B7XYN97,iShares V plc (IJPH) MSCI Japan Monthly GBP Hedged Share Price | IJPH,0.64,0.14
B7Z7TB8,First Trust Global Funds plc (FKU) United Kingdom AlphaDEX UCITS Share Price | FKU,0.65,0.74
B802KR8,SSGA SPDR ETFs Europe I plc (LOWV) S&P 500 Low Volatility USD Share Price | LOWV,0.35,0.32
B842YH2,SSGA SPDR ETFs Europe I plc (USLV) S&P 500 Low Volatility GBP Share Price | USLV,0.35,0.39
B88DGW0,SPDR ETFs Europe I plc (GBRE) Dow Jones Global Real Estate Share Price | GBRE,0.40,0.49
B88DZ56,iShares VI plc S&P 500 CHF Hedged Share Price,0.20,0.28
B894QH7,iShares VI plc (MINV) Edge MSCI World Minimum Volatility GBP Share Price | MINV,0.30,0.07
B89G2C0,Xtrackers (XCHA) CSI300 UCITS ETF Class 1C Share Price | XCHA,0.50,0.58
B8BJ960,iShares VI plc (MVUS) Edge S&P 500 Minimum Volatility GBP Share Price | MVUS,0.20,0.09
B8BVCK1,iShares VI plc MSCI World CHF Hedged Share Price,0.55,0.31
B8BZQM3,First Trust Global Funds plc (FEM) Emerging Markets AlphaDEX UCITS Share Price | FEM,0.80,0.59
B8C0D37,Lyxor International Asset Management (WATL) World Water Share Price | WATL,0.60,0.63
B8CJC04,Lyxor International Asset Management (LEML) Lyxor UCITS ETF MSCI Emerging Markets Index Share Price | LEML,0.55,0.14
B8DYP76,Lyxor International Asset Management (INRU) UCITS MSCI India (Part USD) - Class C Share Price | INRU,0.85,0.21
B8FH960,Lyxor International Asset Management (JPNL) Japan Topix Share Price | JPNL,0.45,0.16
B8FHGS1,iShares VI plc (MVOL) MSCI Edge World Min Vol UCITS USD A Share Price | MVOL,0.30,0.09
B8FJBB5,iShares VI plc (IMV) Edge MSCI Europe Minimum Volatility GBP Share Price | IMV,0.25,0.14
B8FMT76,Xtrackers (XD5E) MSCI EMU INDEX UCITS ETF DR 1D Share Price | XD5E,0.15,0.10
B8GG773,SSGA SPDR ETFs Europe I plc (EMUE) MSCI EMU Share Price | EMUE,0.18,0.17
B8J4B50,Xtrackers (XBAK) MSCI Pakistan IM Index UCITS ETF Share Price | XBAK,0.85,1.01
B8J4B72,Xtrackers (XBAN) MSCI Bangladesh IM Index UCITS ETF Share Price | XBAN,0.85,1.72
B8J4BF0,Xtrackers (XMJG) MSCI Japan Index UCITS ETF (DR) (GBP) Share Price | XMJG,0.40,0.11
B8KGV55,iShares VI plc (EMMV) Edge MSCI EM Minimum Volatility UCITS ETF USD Share Price | EMMV,0.40,0.32
B8NBP66,Lyxor International Asset Management (CECL) Eastern Europe ETF Share Price | CECL,0.50,0.48
B8NZ739,UBS ETF SICAV (UC44) MSCI World Socially Responsible Share Price | UC44,0.38,0.42
B8T34W5,Lyxor International Asset Management SG Global Quality Income NTR Share Price,0.45,0.23
B8XDZV7,Lyxor International Asset Management (INRL) MSCI India B GBP Share Price | INRL,0.85,0.15
B8XT9Q8,First Trust Global Funds plc (FEX) US Large Cap Core AlphaDEX UCITS Share Price | FEX,0.65,0.51
B8Y8834,Vanguard Funds plc (VEUR) FTSE Developed Europe Share Price | VEUR,0.12,0.12
B9214K1,Xtrackers (XD5F) EURO STOXX 50 ex-Financials UCITS (DR) Share Price | XD5F,0.20,0.15
B921DR1,Xtrackers (XDUK) FTSE 100 UCITS ETF (DR) Share Price | XDUK,0.09,0.27
B932CY3,Multi Units Luxembourg (SGQL) SG Global Quality Income Share Price | SGQL,0.45,0.50
B951T81,SSGA SPDR ETFs Europe I plc (PADV) S&P Pan Asia Dividend Aristocrats UCITS ETF Share Price | PADV,0.55,0.35
B96CC17,Multi Units Luxembourg Lyxor ETF SG Global Quality Income NTR D-GBP Share Price,0.45,0.00
B98DR24,Xtrackers (XDJP) Nikkei 225 UCITS ETF (DR) 1D Share Price | XDJP,0.09,0.10
B9DQ900,Source Markets (MLPS) Morningstar US Energy Infrastructure MLP UCITS ETF Share Price | MLPS,1.25,0.28
B9FH310,Vanguard Funds plc (VHYL) FTSE All World High Dividend Yield Share Price | VHYL,0.29,0.23
B9L5KD9,SSGA SPDR ETFs Europe I plc (GBDV) S&P Global Dividend Aristocrats UCITS ETF Share Price | GBDV,0.45,0.25
B9L8M65,Vanguard Funds plc (VJPN) FTSE Japan Equity Share Price | VJPN,0.19,0.13
B9MRHC2,db X-trackers (XDN0) MSCI Nordic Index UCITS ETF (DR) Share Price | XDN0,0.30,0.19
B9MRJJ3,db X-trackers (XDGM) Mittelstand & MidCap Germany UCITS ETF (DR) Share Price | XDGM,0.40,0.14
B9MSLC3,Vanguard Funds plc (VAPX) FTSE Developed Asia Pacific ex-Japan Share Price | VAPX,0.22,0.16
BB978C6,Lyxor Intl Asset Management (RUSL) Lyxor ETF Dow Jones Russia GDR Class D GBP Share Price | RUSL,0.65,0.45
BBQ33B1,UBS ETF SICAV (UC55) MSCI World Share Price | UC55,0.30,0.51
BBR6WH8,HSBC ETFs plc (HMAF) MSCI AC Far East ex-Japan Share Price | HMAF,0.60,0.31
BCBV5C2,Xtrackers (XMUJ) MSCI Japan Index UCITS ETF (DR) (USD) Share Price | XMUJ,0.40,0.09
BCBV5D3,Xtrackers (XDDX) DAX UCITS ETF (DR) - Income 1D Share Price | XDDX,0.09,0.11
BCLWRG3,iShares plc (IJPD) MSCI Japan USD Hedged UCITS ETF Share Price | IJPD,0.64,0.14
BCZSZ41,Lyxor International Asset Management (MALL) MSCI Malaysia GBP Share Price | MALL,0.65,1.40
BCZSZ52,Lyxor International Asset Management (UST) NASDAQ 100 USD Share Price | UST,0.30,0.31
BCZSZ63,Lyxor International Asset Management (USTL) NASDAQ 100 GBP Share Price | USTL,0.30,0.25
BCZSZF2,Lyxor International Asset Management (MSED) EURO STOXX 50 Share Price | MSED,0.07,0.18
BCZSZH4,Lyxor Asset Management Luxembourg (MEUD) MSCI Europe (DR) - UCITS ETF C-EUR Share Price | MEUD,0.07,0.26
BCZSZP2,Lyxor International Asset Management (INDL) Lyxor ETF MSCI Indonesia Class C Share Price | INDL,0.55,1.46
BCZSZR4,Lyxor Asset Management Thailand Set50 Net TR GBP Share Price,0.45,1.33
BD45YS7,iShares III plc (IWDG) Core MSCI World UCITS ETF GBP DIS H Share Price | IWDG,0.30,0.24
BD4G907,iShares IV Plc (IUSF) EDGE MSCI USA SIZE FACTOR UCTS USD Share Price | IUSF,0.20,0.09
BD4G929,iShares IV Plc (IUQF) EDGE MSCI USA QUALITY FACT UCTS USD Share Price | IUQF,0.20,0.11
BD4G930,iShares IV Plc (IUVF) EDGE MSCI USA VALUE FACTOR UCTS USD Share Price | IUVF,0.20,0.11
BD4G974,iShares IV Plc (IUMF) EDGE MSCI USA MOMENTUM FAC UCTS USD Share Price | IUMF,0.20,0.10
BDCNSP8,Lyxor International Asset Management Pan Africa UCITS ETF Share Price,0.85,0.96
BDD9Q40,WisdomTree Issuer plc (WCOB) Enhanced Commodity UCITS Share Price | WCOB,0.35,0.23
BDDR9H8,Multi Units Luxembourg Lyxor (L100) FTSE 100 UCITS C GBP ETF Share Price | L100,0.15,0.06
BDFL4P1,iShares IV plc (ICOM) Diversified Commodity Swap UCIT USD Share Price | ICOM,0.19,0.19
BDFLHQ3,iShares VI plc (COMM) Diversified Commodity Swap UCITS ETF USD Share Price | COMM,0.19,0.13
BDGMBX0,WisdomTree Issuer plc (EPIE) India Quality UCITS USD ACC Share Price | EPIE,0.73,0.54
BDGSV72,db x-trackers (XDWH) MSCI World Health Care Index UTCITS ETF (DR) Share Price | XDWH,0.30,0.27
BDGSV83,db x-trackers (XDWF) MSCI World Financials Index UCITS ETF (DR) Share Price | XDWF,0.30,0.26
BDGSV94,db X-trackers (XDW0) MSCI World Energy Index UCITS ETF (DR) Share Price | XDW0,0.30,0.25
BDGSVB6,db x-trackers (XDWS) MSCI World Consumer Staples Index UCITS ETF (DR) Share Price | XDWS,0.30,0.25
BDGSVC7,db x-trackers (XDWC) MSCI World Consumer Discretionary Index UCITS (DR) Share Price | XDWC,0.30,0.26
BDGSVD8,db x-trackers (XDWU) MSCI World Utilities Index UCITS ETF (DR) Share Price | XDWU,0.30,0.27
BDGSVF0,db x-trackers (XWTS) MSCI World Telecommunication Services Index (DR) Share Price | XWTS,0.30,0.34
BDGSVG1,Concept Fund Solutions plc (XDWM) DBX-TR MSCI Wrld Materials Index UCITS ETF (DR) Share Price | XDWM,0.30,0.26
BDGSVH2,db X-trackers (XDWT) MSCI World Information Tech Index UCITS ETF (DR) Share Price | XDWT,0.30,0.19
BDGSVJ4,db x-trackers (XDWI) MSCI World Industrials Index UCITS ETF (DR) Share Price | XDWI,0.30,0.37
BDGV030,UBS (Irl) ETF Plc (USFM) MSCI USA SEL FCTR MIX UCT ETF A USD Share Price | USFM,0.30,0.48
BDQZ1H3,Fidelity UCITS ICAV (FUSI) US Quality Income UCITS GBP INC Share Price | FUSI,0.30,0.15
BDQZ1K6,Fidelity UCITS ICAV (FUSA) US Quality Income UCITS GBP ACC Share Price | FUSA,0.30,0.15
BDQZ1N9,Fidelity UCITS ICAV (FGQD) Global Quality Income UCITS GBP INC Share Price | FGQD,0.40,0.25
BDR6N35,BMO UCITS ETF ICAV (ZIEM) MSCI Emerging Mkts Inc USD Dis Share Price | ZIEM,0.38,0.18
BDT5BG9,Go UCITS ETF Solutions Plc (BIGT) ETFS Pharma Breakthrough USD ACC GB Share Price | BIGT,0.75,0.48
BDV0KB0,Multi Units Luxembourg (SGQE) Lyxor UCITS ETF SG European Quality Income Share Price | SGQE,0.45,0.41
BDZZTM5,iShares IV plc (SUWS) MSCI WORLD SRI UCITS ETF USD D (SUWS) Share Price | SUWS,0.30,0.20
BF0QVZ4,Multi Units Luxembourg (JPXG) Lyxor JPX Nikkei 400 (DR) Ucits ETF C EUR Share Price | JPXG,0.25,0.16
BF0SC91,Powershares Global Funds Ireland (PQVM) S&P 500 QVM USD Share Price | PQVM,0.35,0.10
BF13PM9,Vanguard Funds plc (VX5E) Euro STOXX 50 UCITS ETF Share Price | VX5E,0.10,0.05
BF1CV95,Multi Units Luxembourg (JPXX) Lyxor JPX Nikkei 400 DR Ucits ETF Daily Hedge C GB Share Price | JPXX,0.25,0.21
BF1CVC8,Multi Units Luxembourg (JPXU) Lyxor JPX Nikkei 400 DR Ucits ETF Daily Hedge C US Share Price | JPXU,0.25,0.24
BF1SMV2,Lyxor International Asset Management (CRNL) ETF CRB Ex-Energy TR UCITS C EUR Share Price | CRNL,0.35,0.21
BF1SMZ6,Lyxor Intl Asset Management (CRBL) COMMODITIES CRB GBP Share Price | CRBL,0.35,0.12
BF1STH7,Lyxor Intl Asset Management (RIOL) Lyxor UCITS ETF Brazil (Ibovespa) Share Price | RIOL,0.65,0.34
BF1ZBG1,UBS ETF SICAV (UB0E) MSCI EMU UCITS ETF (Hedged to GBP) A-dis Share Price | UB0E,0.28,0.32
BF1ZBH2,UBS ETF SICAV (UB0F) MSCI EMU UCITS ETF (Hedged to GBP) A-dis Share Price | UB0F,0.28,0.45
BF29SX8,Lyxor Intl Asset Management Lyxor Intl Asset Management Share Price,0.35,0.25
BF2GMP9,Lyxor International Asset Management (CSIL) CSI 300 A SHARE C-USD Share Price | CSIL,0.40,1.95
BF51WM8,Lyxor International Asset Management (AEJL) Lyxor MSCI Asia Pacific Ex Japan C EUR (GBP) Share Price | AEJL,0.60,0.24
BF51WP1,Lyxor International Asset Management (ASIL) China Enterprise C EUR (GBP) Share Price | ASIL,0.65,0.15
BF51WR3,Lyxor International Asset Management MSCI USA D EUR (GBP) Share Price,0.25,0.16
BF51WT5,Lyxor International Asset Management (WLDL) MSCI World D EUR (GBP) Share Price | WLDL,0.30,0.25
BF5S810,SSGA SPDR ETFs Europe I plc (WOSC) MSCI World Small Cap UCITS ETF Share Price | WOSC,0.45,0.57
BF7LBV8,iShares VII plc FTSE Italia Mid-Small Cap UTS ETF EUR Share Price,0.33,0.96
BFH5637,Source Markets (EFIW) Goldman Sachs Equity Factor Index World Share Price | EFIW,0.65,0.20
BGLCCZ5,SSGA SPDR ETFs Europe II plc (LOWE) Euro Stoxx Low Volatility Share Price | LOWE,0.30,0.28
BH6X8R4,Source CSOP Markets plc (CHNP) FTSE China A 50 ETF Share Price | CHNP,0.99,0.50
BH89L04,Lyxor International Asset Management UCITS ETF Eurostoxx Banks C-EUR Share Price,0.30,0.13
BHCQCX1,Xtrackers (RQFI) Harvest CSI300 Index UCITS ETF (DR) Share Price | RQFI,0.65,0.29
BJWHZC8,iShares VII plc (CJPU) MSCI Japan USD Share Price | CJPU,0.48,0.17
BJWHZQ2,iShares VII plc (CCAU) MSCI Canada USD Share Price | CCAU,0.48,0.29
BKM4GY5,iShares plc (EMIM) MSCI Emerging Markets IMI Share Price | EMIM,0.25,0.14
BKM4H19,iShares plc (CEMG) MSCI Emerging Markets Consumer Growth Share Price | CEMG,0.60,0.27
BKM4H20,iShares plc (HDIQ) MSCI USA Quality Dividend UCITS ETF Share Price | HDIQ,0.35,0.13
BKRVH59,SSGA SPDR ETFs Europe II PLC (R2SC) Russell 2000 US Small Cap UCITS USD Share Price | R2SC,0.30,0.31
BKRVH71,GO UCITS ETF Solutions plc (MLPX) ETFS US Energy Infrastructure MLP GO UCITS ETF Share Price | MLPX,0.45,0.33
BKWQ0M7,SSGA SPDR ETFs Europe II plc (EUSC) MSCI Europe Small Cap UCITS Share Price | EUSC,0.30,0.21
BKWQ0Q1,SSGA SPDR ETFs Europe II plc (ERO) MSCI Europe UCITS Share Price | ERO,0.25,0.21
BKXH1R1,Vanguard Funds plc (VNRT) FTSE North America UCITS ETF Share Price | VNRT,0.10,0.13
BKXH1S2,Vanguard Funds plc (VERX) FTSE Developed Europe ex-UK UCITS ETF Share Price | VERX,0.12,0.12
BKXH1W6,Vanguard Funds plc (VEVE) FTSE Developed World UCITS Share Price | VEVE,0.18,0.16
BKZG9Z0,HSBC ETFs plc (HEWA) Economic Scale Worldwide EQ UCITS Share Price | HEWA,0.25,0.32
BKZGB10,HSBC ETFs plc (HWWA) Multi Factor Worldwide Equity Share Price | HWWA,0.25,0.37
BL95G71,GO UCITS ETF Solutions plc (CASE) MSCI China A Share Price | CASE,0.88,0.70
BM4NQQ6,PowerShares ETF (BUYB) Global Buyback Achievers UCITS ETF Share Price | BUYB,0.39,0.24
BM67HJ6,db x-trackers (XDEX) FTSE All-World EX UK UCITS ETF (DR) Share Price | XDEX,0.40,0.26
BMN9L59,Lyxor International Asset Management FTSE Italian Mid Cap Share Price,0.40,3.80
BMP3HN9,UBS (IRL) ETF plc (UKSR) MSCI UK IMI Socially Resp UCITS ETF GBP A Share Price | UKSR,0.28,0.51
BNB7CT3,db X-trackers (XDND) MSCI North America Hi Div Yield Index UCITS ETF DR Share Price | XDND,0.39,0.20
BNGMZJ4,db X-trackers (XDUS) MSCI USA Index UCITS ETF (DR) 1C Share Price | XDUS,0.07,0.10
BNGMZY9,db x-trackers (XDWE) S&P 500 Equal Weight UCITS ETF (DR) Share Price | XDWE,0.25,0.12
BNLPV45,Source Markets (SX5S) EURO STOXX 50 Share Price | SX5S,0.05,0.07
BNLPV78,Source Markets plc (MXEU) MSCI Europe UCITS ETF Share Price | MXEU,0.19,0.10
BNLPV89,Source Markets plc (MXWS) MSCI World UCITS Share Price | MXWS,0.19,0.15
BNLPV90,Source Markets plc (SPXP) S&P 500 UCITS ETF A GBP Share Price | SPXP,0.05,0.13
BNLPVB2,Source Markets plc (S600) STOXX Europe 600 UCITS ETF Share Price | S600,0.19,0.11
BNLPVF6,Source Markets plc (XLEP) Energy S&P US Select Sector UCITS ETF Share Price | XLEP,0.30,0.17
BNLPVH8,Source Markets Plc (XLIP) Industrials S&P US Select Sector UCITS ETF Share Price | XLIP,0.30,0.17
BNLPWZ3,Source Markets plc (EFIE) Goldman Sachs Equity Factor Index Europe UCITS Share Price | EFIE,0.55,0.19
BP3QZ71,iShares Edge IV plc (IWFQ) MSCI World Quality Factor Share Price | IWFQ,0.30,0.13
BP3QZ82,iShares IV plc (IWMO) MSCI World Momentum Factor UCITS ETF Share Price | IWMO,0.30,0.13
BP3QZ93,iShares Edge IV plc (IWFM) World Momentum Factor UCITS Share Price | IWFM,0.30,0.11
BP3QZB5,Ishares IV plc Edge MSCI World Value Factor ETF (IWVL) Ishares IV plc Edge MSCI World Value Factor ETF Share Price | IWVL,0.30,0.13
BP3QZC6,iShares Edge IV plc (IWFV) MSCI World Value Factor Share Price | IWFV,0.30,0.13
BP3QZF9,iShares Edge IV plc (IWFS) MSCI World Size Factor Share Price | IWFS,0.30,0.13
BP3QZH1,iShares IV plc (ISRL) TA 35 ISRAEL UCITS(GBP) Share Price | ISRL,0.60,0.70
BP3QZJ3,iShares IV plc (IFRE) MSCI France UCITS ETF EUR (Acc) Share Price | IFRE,0.25,0.21
BP40LZ2,Lyxor International Asset Management (SGVB) SG Global Value Beta UCITS ETF Share Price | SGVB,0.40,0.51
BP410F8,db X-trackers (XWLD) MSCI World Index UCITS ETF (DR) 1C Share Price | XWLD,0.19,0.17
BP852M7,Lyxor International Asset Management (CACX) CAC 40 (GBP) Share Price | CACX,0.25,0.19
BP852P0,Lyxor International Asset Management ETF FTSE Mib Share Price,0.35,0.16
BPVLQF3,db X-trackers (XDNG) JPX-Nikkei 400 UCITS ETF DR GBP Share Price | XDNG,0.30,0.13
BQN1K45,iShares Edge IV plc (IEFQ) MSCI Europe Quality Factor UCITS ETF Share Price | IEFQ,0.25,0.16
BQN1K67,iShares Edge IV plc (IEFM) MSCI Europe Momentum Factor UCITS ETF Share Price | IEFM,0.25,0.45
BQN1K89,iShares Edge IV plc (IEFV) MSCI Europe Value Factor UCITS ETF Share Price | IEFV,0.25,0.15
BQN1KB2,iShares Edge IV plc (IEFS) MSCI Europe Size Factor UCITS ETF Share Price | IEFS,0.25,0.15
BQQ3Q17,WisdomTree Issuer plc (DEM) Emerging Markets Equity Income UCITS ETF Share Price | DEM,0.46,0.42
BQQPBC9,GO UCITS ETF Solutions plc (ROBG) ROBO Global Robotics & Automation Share Price | ROBG,0.80,0.26
BQR9WR2,Source Markets plc (S400) JPX Nikkei 400 UCITS ETF Share Price | S400,0.19,0.14
BQT3WG1,iShares IV plc (IASH) MSCI China A UCITS ETF Share Price | IASH,0.65,0.48
BQY79Y5,Source Markets plc (SBIO) NASDAQ Biotech UCITS ETF Share Price | SBIO,0.40,0.18
BQZJBN3,WisdomTree Issuer plc (DGSE) Emerging Markets SmallCap Dividend UCITS ETF Share Price | DGSE,0.54,0.71
BQZJBR7,WisdomTree Issuer plc (DHS) US Equity Income UCITS ETF Share Price | DHS,0.29,0.15
BQZJBW2,WisdomTree Issuer plc (DESE) US SmallCap Dividend UCITS ETF Share Price | DESE,0.38,0.25
BQZJBZ5,WisdomTree Issuer plc (EEI) European Equity Income UCITS ETF Share Price | EEI,0.29,0.24
BQZJC63,WisdomTree Issuer plc (DFE) Europe SmallCap Dividend UCITS ETF Share Price | DFE,0.38,0.41
BRCJ8L0,db X-trackers (XDEV) MSCI World Value Factor UCITS ETF (DR) Share Price | XDEV,0.25,0.20
BRCJ8M1,Concept Fund Solutions Plc (XDEM) DBX TR Eqty Mom Fct UCITS(DR)1C GBP Share Price | XDEM,0.25,0.22
BRHZ039,iShares III plc (UKRE) MSCI Target UK Real Estate UCITS ETF Share Price | UKRE,0.40,0.25
BRJ93B8,First Trust Global Funds plc (FEUZ) Eurozone Alphadex UCITS EUR(GBP) Share Price | FEUZ,0.65,0.31
BRKFLY4,Source Markets plc (S7XP) Euro STOXX Optimised Banks ETF Share Price | S7XP,0.30,0.16
BRWQVY5,Source Markets plc (REQR) RBIS Equal-Risk European Equity UCITS ETF Share Price | REQR,0.48,0.37
BSBNC18,SSGA SPDR ETFs Europe II plc (CSTP) MSCI Europe Consumer Staples UCITS ETF Share Price | CSTP,0.30,0.23
BSBNC29,SSGA SPDR ETFs Europe II plc (ENGY) MSCI Europe Energy 35/20 Cap UCITS ETF Share Price | ENGY,0.30,0.22
BSBNC41,SSgA SPDR ETFs Europe II plc (HLTH) SSgA SPDR MSCI Europe Health Care UCITS ETF Share Price | HLTH,0.30,0.12
BSBNC74,SSGA SPDR ETFs Europe II plc (MTRL) MSCI Europe Materials UCITS(EUR) Share Price | MTRL,0.30,0.23
BSPLC30,SSGA SPDR ETFs Europe II plc (EVAL) MSCI Europe Value Weighted UCITS Share Price | EVAL,0.25,0.28
BSPLC41,SSGA SPDR ETFs Europe II plc (USSC) MSCI USA Small Cap Value Weighted UCITS Share Price | USSC,0.30,0.34
BV7KJR9,Lyxor International Asset Management (MSEX) Euro Stoxx 50 (DR) Daily Hedged C-GBP Share Price | MSEX,0.20,0.22
BV7KJS0,Lyxor International Asset Management (MSEU) Euro Stoxx 50 Monthly Hedged C-USD UCITS Share Price | MSEU,0.20,0.22
BVC3MR4,UBS ETF SICAV (UC87) MSCI Canada UCITS ETF Hedged to GBP A Acc Share Price | UC87,0.43,0.87
BVDPJP6,iShares plc (EUXS) MSCI Europe ex-UK GBP Hedged UCITS ETF Share Price | EUXS,0.40,0.34
BVFM687,Ossiam ETF (LCPE) Shiller Barclays Cape Europe Sector Value Share Price | LCPE,0.65,0.44
BVFNSJ5,SSGA SPDR ETFs Europe II plc (UVAL) MSCI USA Value Weighted UCITS Share Price | UVAL,0.25,0.26
BVG1F53,UBS ETF SICAV (UC89) MSCI EMU 100% Hedged to USD UCITS ETF Share Price | UC89,0.28,0.49
BVJDPN4,Source Markets plc (N4US) JPX-Nikkei 400 UCITS ETF USD Hedged Share Price | N4US,0.40,0.37
BVYTYH4,VanEck Vectors ETF (GDX) Gold Miners UCITS Share Price | GDX,0.53,0.17
BVYTYJ6,VanEck Vectors ETF (GDXJ) Junior Gold Miners UCITS Share Price | GDXJ,0.55,0.30
BW0DJP0,Powershares Global Funds Ireland (EQQU) EQQQ NASDAQ-100 UCITS USD Share Price | EQQU,0.30,0.08
BW4NT67,WisdomTree Issuer plc (ISEQ) WisdomTree ISEQ 20 UCITS ETF Share Price | ISEQ,0.49,0.52
BWBXM38,SSGA SPDR ETFS Europe II plc (SXLP) S&P US Consumer Staples Sel Sector Share Price | SXLP,0.15,0.09
BWBXM50,SSGA SPDR ETFs Europe II plc (SXLF) S&P US FINLS SEL SECT UCT USD Share Price | SXLF,0.15,0.14
BWBXM72,SSGA SPDR ETFs Europe II plc (SXLI) S&P US INDLS SEL SECT UCT USD Share Price | SXLI,0.15,0.11
BWBXM94,SSGA SPDR ETFs Europe II plc (SXLK) S&P US Tech Sel Sect UCT USD Share Price | SXLK,0.15,0.12
BWBXRR7,db X-trackers (XRSG) Russell 2000 UCITS ETF (DR) Share Price | XRSG,0.30,0.23
BWBXSK7,db X-trackers (XRSS) Russell Midcap UCITS ETF (DR) Share Price | XRSS,0.35,0.22
BWBXSQ3,db x-trackers (XDPG) S&P 500 UCITS ETF (DR) (GBP) Share Price | XDPG,0.20,0.14
BWTNRN5,iShares (BlackRock Asset Management Ireland) MSCI EMU CHF Hedged UCITS ETF (Dist) Share Price,0.38,0.39
BWTW3C3,db X-trackers (XGLF) MSCI GCC Select Index UCITS ETF Share Price | XGLF,0.65,0.71
BWTW3D4,Xtrackers (XEOU) MSCI Europe Index UCITS ETF (DR) (USD) Share Price | XEOU,0.30,0.32
BWTW3V2,Xtrackers (XD5S) MSCI EMU INDEX UCITS ETF DR GBP Share Price | XD5S,0.25,0.15
BWWCJM2,Source Markets plc (EZXU) STOXX Eurozone Exporter UCITS ET US Share Price | EZXU,0.50,0.13
BWWCJN3,Source Markets plc (JPEX) STOXX Japan Exporters UCITS ETF A Share Price | JPEX,0.35,0.27
BWZMM31,WisdomTree Issuer plc (DXGP) Germany Equity UCITS ETF GBP Hedged Share Price | DXGP,0.35,0.15
BWZMM42,WisdomTree Issuer plc (HEDJ) Europe Hedged Equity UCITS ETF Share Price | HEDJ,0.58,0.23
BWZMM75,PowerShares Global Funds Ireland (HDLG) S&P 500 High Dividend Low Volatility Share Price | HDLG,0.30,0.14
BX8ZXQ4,Powershares Global Funds Ireland (SPVX) S&P 500 VEQTOR UCITS ETF Share Price | SPVX,0.39,0.18
BXRTQS0,UBS ETF SICAV (UC94) MSCI Switzerland 20/35 Hedged To GBP UCITS A ETF Share Price | UC94,0.30,0.51
BY9D8K3,db X-trackers (XDNY) JPX-Nikkei 400 UCITS ETF DR Share Price | XDNY,0.20,0.27
BYMWWF0,Ossiam ETF (CAPU) Shiller Barclays Cape US Val Tr 1C (USD) Share Price | CAPU,0.65,0.19
BYN7F99,Vanguard Funds plc (VLIQ) Global Liquidity Factor UCITS Share Price | VLIQ,0.22,0.25
BYN7FN3,Vanguard Funds plc (VMVL) Global Minimum Volatility UCITS Share Price | VMVL,0.22,0.09
BYN7FX3,Vanguard Funds plc (VMOM) Global Momentum Factor UCITS Share Price | VMOM,0.22,0.17
BYN7HC6,Vanguard Funds plc (VVAL) Global Value Factor UCITS Share Price | VVAL,0.22,0.21
BYPGTS1,WisdomTree Issuer plc (WUKD) UK Equity Income Share Price | WUKD,0.29,0.38
BYQ7J83,Wisdomtree Issue Plc (DFEP) EUROPE SMALLCAP DIV UCITS GBP ACC Share Price | DFEP,0.38,0.42
BYQ7JJ4,Wisdomtree Issuer plc (EEIP) Europe Equity Income UCITS ETF GBP Share Price | EEIP,0.29,0.23
BYQMVB5,iShares II plc (WQDS) MSCI World Quality DIV UCITS USD(GB Share Price | WQDS,0.38,0.22
BYRGP36,GO UCITS ETF Solutions plc (ISPY) ISE Cyber Security Go UCITS(GBP) Share Price | ISPY,0.75,0.32
BYS8036,Source Markets plc (FTEK) KBW NASDAQ Fintech UCITS A USD Share Price | FTEK,0.59,0.23
BYTLKS9,UBS ETF Sicav Factor MSCI EMU Prime Value UCITS ETF (EUR) Share Price,0.28,0.52
BYTLLT7,UBS (Irl) ETF plc (UC99) MSCI USA Quality UCITS ETF Share Price | UC99,0.25,0.69
BYVK5H8,iShares IV plc (SUES) Sustainable MSCI Em Mkt SRI UCT USD Share Price | SUES,0.35,0.59
BYVK5K1,iShares IV plc (SUJS) Sustainbale MSCI Japan SRI EUR Hedged UCITS ETF Share Price | SUJS,0.35,0.28
BYW70C8,SSGA SPDR ETFs Europe I plc (EURL) FTSE EPRA Europe ex UK Real Estate UCITS Share Price | EURL,0.30,0.32
BYWSG23,db X-trackers (XFEW) FTSE 100 Equal Weight UCITS ETF (DR) Share Price | XFEW,0.25,0.37
BYX5678,Xtrackers (XDAX) DAX UCITS ETF (DR) 1C Share Price | XDAX,0.09,0.20
BYX8LV6,Lyxor Index Fund SICAV MSCI EMU Value DR UCITS C EUR Share Price,0.40,0.12
BYX9528,Source Markets plc (CMOD) Bloomberg Commodity UCITS A USD Share Price | CMOD,0.34,0.06
BYXZHC0,First Trust Global Funds (UINC) US Equity Income UCITS ETF Share Price | UINC,0.55,0.56
BYXZTY6,Xtrackers (AH50) Harvest FTSE China A-H 50 Index UCITS ETF (DR) Share Price | AH50,0.65,0.88
BYYLQL9,iShares IV plc (RBTX) Automation & Robotics UCITS ETF USD Share Price | RBTX,0.40,0.09
BYYLQM0,iShares IV plc (AGES) Ageing Population UCITS ETF USD (GBP) Share Price | AGES,0.40,0.14
BYYLQN1,iShares IV plc (DRDR) Healthcare Innovation UCITS ETF USD Share Price | DRDR,0.40,0.25
BYYLQP3,iShares IV plc (DGIT) Digitalisation UCITS ETF USD (GBP) Share Price | DGIT,0.40,0.13
BYYN853,WisdomTree Issuer plc (DXJP) Japan Equity UCITS ETF Share Price | DXJP,0.45,0.45
BYYW106,SSGA SPDR ETFs Europe II plc (WNRG) MSCI World Energy UCITS USD Share Price | WNRG,0.30,0.24
BYYW117,SSGA SPDR ETFs Europe II plc (WFIN) MSCI World Financials UCITS USD Share Price | WFIN,0.30,0.27
BYYW162,SSGA SPDR ETFs Europe II plc (WTEL) MSCI World Telecomms UCITS USD Share Price | WTEL,0.30,0.27
BYZ9YL8,VanEck Vectors ETF (MOAT) Morningstar US Wide Moat UCITS ETF Share Price | MOAT,0.49,0.21
BYZBW54,WisdomTree Issuer plc (GGRP) Global Quality Div Growth UCITS ETF USD (GBP) Share Price | GGRP,0.38,0.35
BYZQD56,Powershares Global Funds Ireland (UKHD) FTSE UK High Div Low Vol UCITS GBP Share Price | UKHD,0.39,0.22
BYZWVC7,ICBC CREDIT SUISSE UCITS ETF SICAV (CHIP) WisdomTree S&P China 500 B USD(GBP) Share Price | CHIP,0.75,0.79
BZ0G2Q2,BMO ETF (ZILS) MSCI USA Income Leaders Index Share Price | ZILS,0.35,0.14
BZ0G2R3,BMO ETF (ZILE) MSCI Europe ex-UK Income Leaders Index Share Price | ZILE,0.40,0.33
BZ0G2S4,BMO ETF (ZILK) MSCI UK Income Leaders Index Share Price | ZILK,0.35,0.24
BZ0G2T5,BMO ETF (ZIEG) MSCI Europe ex-UK Income Leaders GBP Hedge Share Price | ZIEG,0.35,0.31
BZ0G790,BMO ETF (ZISG) MSCI USA Income Leaders GBP Hedged Share Price | ZISG,0.40,0.13
BZ0XT17,iShares IV Plc (FSWD) EDGE MSCI WORLD UCITS ETF(GBP) Share Price | FSWD,0.50,0.16
BZ0XT28,iShares Edge IV plc (FSEU) FactorSelect MSCI Europe Share Price | FSEU,0.45,0.12
BZ30KH8,BMO UCITS ETF ICAV (ZWUS) Enhanced Inc USA Eqty UCITS ETF USD Share Price | ZWUS,0.30,0.28
BZ30KT0,BMO UCITS ETF ICAV (ZWUK) Enhanced Inc UK Eqty UCITS ETF GBP Share Price | ZWUK,0.30,0.21
BZ30KY5,BMO UCITS ETF ICAV (ZWEU) Enhanced Inc Euro Eqty UCITS ETF EU Share Price | ZWEU,0.30,0.24
BZ3ZZ45,Lyxor International Asset Management (DOSH) FTSE UK Quality Low Vol Dividend Share Price | DOSH,0.19,0.41
