url,name,market_cap,price,pe_ratio,volume,equity,net_income1,total_assets1,total_liabilities1,net_income2,total_assets2,total_liabilities2,net_income3,total_assets3,total_liabilities3,net_income4,total_assets4,total_liabilities4,net_income5,total_assets5,total_liabilities5,current_assets,current_liabilities
http://www.hl.co.uk/shares/shares-search-results/a/a2a-spa-eur0.52,A2A Spa (A2A) EUR0.52,€4.67 bn,€1.53,,,3,259.00,-57.00,9,801.00,6,542.00,-18.00,10,333.00,7,154.00,75.00,11,010.00,7,662.00,238.00,,,-919.00,,,2,730.00,2,730.00
http://www.hl.co.uk/shares/shares-search-results/a/aa-plc-ordinary-shares,AA plc (AA.) Ordinary Shares,£771.25 million,127.10p,5.70,2,033,604,-1,755.00,111.00,1,827.00,3,582.00,74.00,1,898.00,3,811.00,-1.00,1,825.00,3,781.00,69.00,1,958.00,4,213.00,153.40,1,740.30,4,118.50,358.00,358.00
http://www.hl.co.uk/shares/shares-search-results/a/aareal-bank-eur26,Aareal Bank AG (ARL) EUR26,€2.29 bn,€38.77,,,2,924.00,213.00,41,908.00,38,984.00,234.00,47,708.00,44,579.00,374.00,51,948.00,48,904.00,335.00,49,557.00,46,834.00,136.00,42,981.00,40,531.00,2,081.00,2,081.00
http://www.hl.co.uk/shares/shares-search-results/a/ab-dynamics-plc-ordinary-1p,AB Dynamics plc (ABDP) Ordinary 1p,£257.22 million,1,330.00p,59.66,18,694,28.25,3.90,35.52,7.27,3.87,21.33,3.82,3.25,16.91,3.26,2.15,13.59,3.26,1.42,11.62,3.40,24.91,24.91
http://www.hl.co.uk/shares/shares-search-results/a/abb-ltd-chf-0.12-cdi,ABB Ltd (ABBN) CHF 0.12 (CDI),46.49 bn CHF,21.37 CHF,,,13,897.00,2,018.00,39,499.00,25,602.00,2,052.00,41,356.00,26,368.00,2,694.00,44,852.00,28,037.00,2,944.00,48,064.00,28,856.00,2,808.00,,,21,940.00,21,940.00
http://www.hl.co.uk/shares/shares-search-results/a/abbey-plc-ordinary-euro-0.32-shares,Abbey plc (ABBY) Ordinary Euro 0.32 Shares,£289.44 million,1,400.00p,6.66,,308.37,51.83,392.62,84.26,49.47,341.85,60.53,39.61,315.19,68.24,18.74,227.71,37.85,7.70,,,348.54,348.54
http://www.hl.co.uk/shares/shares-search-results/a/abbott-laboratories-com-stk-npv,Abbott Laboratories (ABT) COM STK NPV,$106.94 bn,$61.10,,,31,098.00,353.00,76,250.00,45,152.00,1,063.00,52,666.00,31,949.00,2,606.00,41,247.00,19,921.00,1,721.00,41,207.00,19,568.00,1,988.00,42,953.00,17,686.00,20,147.00,20,147.00
http://www.hl.co.uk/shares/shares-search-results/a/abbvie-inc-ordinary-shares-usd-0.01,Abbvie Inc (ABBV) Ordinary Shares USD 0.01,$147.75 bn,$94.62,,,5,097.00,5,309.00,70,786.00,65,689.00,5,953.00,66,099.00,61,463.00,5,144.00,53,050.00,49,105.00,1,774.00,27,513.00,25,771.00,4,128.00,29,198.00,24,706.00,21,223.00,21,223.00
http://www.hl.co.uk/shares/shares-search-results/a/abcam-plc-ord-0.2p,Abcam plc (ABC) Ord 0.2p,£2.83 bn,1,382.00p,53.55,227,505,307.12,42.36,362.00,54.58,37.43,330.00,68.37,37.38,249.95,35.84,34.05,206.59,25.69,32.66,,,143.46,143.46
http://www.hl.co.uk/shares/shares-search-results/a/abengoa-sa-eur0.0002-b,Abengoa SA (ABG-P) EUR0.0002 B,€217.06 million,€0.01,,,-6,779.97,-4,262.66,9,913.95,16,693.92,-823.71,16,627.20,16,174.28,144.08,25,246.60,22,600.42,133.07,21,152.85,19,259.84,61.48,,,7,759.43,7,759.43
http://www.hl.co.uk/shares/shares-search-results/a/aberdeen-asian-inc-fund-ordinary-npv-shares,Aberdeen Asian Income Fund (AAIF) Ordinary NPV Shares,£364m,198.00p,,154,927,,a,467.85,35.98,17.69,435.66,39.63,a,370.06,40.63,17.31,415.13,30.26,a,385.00,13.88,b,b
http://www.hl.co.uk/shares/shares-search-results/a/aberdeen-asian-smlr-co-inv-tst-plc-ord-25p,Aberdeen Asian Smaller Companies Investment Trust (AAS) Ordinary 25p,£366m,1,030.00p,,221,054,,a,473.25,43.15,6.82,429.04,45.30,a,382.15,38.18,3.40,406.67,37.55,a,416.09,33.16,b,b
http://www.hl.co.uk/shares/shares-search-results/a/aberdeen-diversified-income-and-growth-ord,Aberdeen Diversified Income And Growth Trust (ADIG) Ordinary 25p,£398m,122.50p,,271,622,,a,496.84,60.07,15.78,442.83,91.31,a,451.35,76.52,20.60,510.90,84.03,a,525.94,107.60,b,b
http://www.hl.co.uk/shares/shares-search-results/a/aberdeen-emg-markets-inv-comp-ltd-ord-1p,Aberdeen Emerging Markets Investment Company Ltd (AEMC) Ordinary 1p Shares,£265m,586.00p,,2,217,361.47,-0.35,386.86,25.39,-0.23,322.62,2.41,-0.98,235.79,0.30,-0.66,256.55,0.31,-0.97,317.58,0.31,3.60,3.60
http://www.hl.co.uk/shares/shares-search-results/a/aberdeen-frontier-markets-inv-comp-ord-npv,Aberdeen Frontier Markets Investment Company Ltd (AFMC) Ordinary NPV,£47m,56.50p,,33,637,79.43,0.20,87.42,8.00,-0.59,145.27,4.80,0.94,171.94,9.32,0.63,192.02,8.81,-0.03,,,12.55,12.55
http://www.hl.co.uk/shares/shares-search-results/a/aberdeen-japan-inv-trust-plc-ord-10p,Aberdeen Japan Investment Trust plc (AJIT) Ordinary 10p,£87m,595.00p,,17,390,,a,112.04,11.57,0.98,104.67,12.50,a,90.51,10.79,1.12,87.40,7.45,a,61.11,5.96,b,b
http://www.hl.co.uk/shares/shares-search-results/a/aberdeen-latin-american-income-ord-npv,Aberdeen Latin American Income Fund (ALAI) Ord NPV,£37m,62.80p,,210,404,56.17,3.01,63.00,6.83,2.97,56.12,7.66,2.52,44.85,8.98,2.71,69.99,9.26,2.95,68.45,9.84,1.18,1.18
http://www.hl.co.uk/shares/shares-search-results/a/aberdeen-new-dawn-investment-tst-ord-5p,Aberdeen New Dawn Investment Trust plc (ABD) Ordinary 5p Shares,£257m,225.00p,,20,609,311.82,5.18,340.28,28.46,4.81,316.30,30.11,a,243.60,27.35,4.99,296.05,26.65,a,254.74,19.98,5.64,5.64
http://www.hl.co.uk/shares/shares-search-results/a/aberdeen-new-india-investment-trust-ord-25p,Aberdeen New India Investment Trust (ANII) Ordinary 25p,£268m,456.00p,,11,323,289.44,-0.42,289.85,0.40,-0.17,288.61,0.41,-0.62,214.70,0.83,-0.23,227.84,0.13,-0.21,155.85,0.17,4.47,4.47
http://www.hl.co.uk/shares/shares-search-results/a/aberdeen-new-thai-investment-tst-ord-25p,Aberdeen New Thai Investment Trust plc (ANW) Ordinary 25p Shares,£88m,528.00p,,8,310,,a,125.11,7.94,1.99,114.40,3.19,a,98.82,2.89,2.00,115.56,2.92,a,90.00,2.83,b,b
http://www.hl.co.uk/shares/shares-search-results/a/aberdeen-smaller-companies-inc-trst-ord-50p,Aberdeen Smaller Companies Income Trust plc (ASCI) Ordinary 50p,£65m,300.00p,,13,996,75.42,1.72,82.58,7.16,1.62,65.33,7.20,1.67,62.43,7.17,1.58,60.00,10.24,1.50,62.84,10.22,0.91,0.91
http://www.hl.co.uk/shares/shares-search-results/a/aberforth-smaller-companies-trust-ord-1p,Aberforth Smaller Companies Trust (ASL) Ordinary 1p Shares,£1,279m,1,404.00p,,61,367,1,435.64,39.06,1,444.44,8.80,34.98,1,256.37,36.14,33.35,1,199.33,7.45,,1,141.70,34.36,a,1,170.29,32.16,3.94,3.94
http://www.hl.co.uk/shares/shares-search-results/a/abertis-infraestructuras-eur3,Abertis Infraestructuras (ABE) Eur3,€18.18 bn,€18.37,,,6,900.64,1,010.80,31,185.62,24,284.99,-1,218.74,25,739.20,20,390.03,785.29,27,768.62,21,758.30,697.76,27,769.44,21,207.51,1,177.22,,,4,348.40,4,348.40
http://www.hl.co.uk/shares/shares-search-results/a/abg-sundal-collier-holding-asa-noko23,ABG Sundal Collier Holding Asa (ASC) Noko23,2.79 bn NOK,5.98 NOK,,,915.72,246.33,2,041.89,1,126.17,210.68,2,813.56,1,937.60,230.28,2,410.82,1,413.11,217.25,2,615.10,1,366.90,138.07,3,400.78,2,204.96,1,879.32,1,879.32
http://www.hl.co.uk/shares/shares-search-results/a/abzena-ltd-ordinary-0.2p,Abzena Ltd (ABZA) Ordinary 0.2p,£19.34 million,9.06p,,5,087,43.69,-14.16,54.29,10.60,-9.12,44.76,8.83,-9.70,49.45,8.40,-4.72,31.36,3.51,-3.55,15.99,2.46,19.65,19.65
http://www.hl.co.uk/shares/shares-search-results/a/acacia-mining-plc-ordinary-10p,Acacia Mining plc (ACA) Ordinary 10p,£547.87 million,133.70p,7.36,1,178,026,1,120.99,-707.39,1,801.00,679.89,94.94,2,503.00,639.75,-197.15,2,330.00,543.00,89.21,2,583.42,581.27,-740.78,2,431.98,504.62,463.25,463.25
http://www.hl.co.uk/shares/shares-search-results/a/access-intelligence-plc-ord-gbp0.05,Access Intelligence plc (ACC) Ord 0.5 pence,£23.30 million,5.20p,,240,776,0.32,-3.33,11.23,10.91,-3.40,12.47,10.43,-1.31,17.68,13.92,-1.08,13.48,7.89,-2.61,13.08,6.42,4.37,4.37
http://www.hl.co.uk/shares/shares-search-results/a/accesso-technology-group-plc-ordinary-1p,Accesso Technology Group plc (ACSO) Ordinary 1p,£646.87 million,2,430.00p,60.39,66,249,173.97,9.90,259.57,85.60,7.53,108.38,30.59,5.37,96.84,33.27,3.79,93.85,36.97,3.29,54.95,15.42,48.94,48.94
http://www.hl.co.uk/shares/shares-search-results/a/acciona-sa-eur1,Acciona SA (ANA) Eur1,€4.04 bn,€71.56,,,4,097.35,373.86,17,407.76,13,310.42,235.76,15,777.62,12,023.47,207.19,16,143.18,12,529.69,-2,028.44,15,690.21,12,293.92,184.18,,,4,723.37,4,723.37
http://www.hl.co.uk/shares/shares-search-results/a/accor-eur3,Accor (AC) Eur3 (CDI),€12.36 bn,€41.46,,,5,925.00,172.00,11,864.00,5,939.00,155.00,8,953.00,4,966.00,244.00,8,754.00,4,884.00,136.00,7,003.00,4,251.00,95.00,,,1,861.00,1,861.00
http://www.hl.co.uk/shares/shares-search-results/a/accrol-group-holdings-plc-ord-gbp0.001,Accrol Group Holdings Plc (ACRL) Ord GBP0.001,£42.95 million,23.00p,1.83,175,577,50.28,7.38,100.94,50.66,5.71,89.25,84.14,-0.70,85.96,86.60,,,,,,,44.29,44.29
http://www.hl.co.uk/shares/shares-search-results/a/accsys-technologies-plc-eur0.05,Accsys Technologies plc (AXS) EUR0.05,£89.35 million,80.00p,,93,983,73.50,-10.15,134.99,61.50,-5.13,93.79,37.32,-0.87,53.84,11.79,-8.26,53.63,12.50,-8.89,55.57,7.69,63.50,63.50
http://www.hl.co.uk/shares/shares-search-results/a/acerinox-sa-ordinary-eur0.25,Acerinox SA (ACX) Ordinary Eur0.25,€2.99 bn,€11.32,,,2,168.68,67.30,4,455.05,2,286.37,26.32,4,125.67,2,102.37,122.69,4,415.64,2,569.95,9.59,3,990.97,2,437.75,-32.12,,,2,097.51,2,097.51
http://www.hl.co.uk/shares/shares-search-results/a/ackermans-and-van-haaren-nv-npv,Ackermans & van Haaren NV (ACKB) NPV,€4.95 bn,€148.60,,,3,916.35,366.05,12,875.06,8,958.71,438.39,12,253.05,8,437.43,327.80,11,459.25,7,990.01,347.69,11,027.20,7,749.83,210.68,,,4,247.16,4,247.16
http://www.hl.co.uk/shares/shares-search-results/a/acorn-income-fund-ordinary-25p,Acorn Income Fund (AIF) Ordinary 25p,£75m,471.00p,,5,385,77.46,3.24,108.84,31.38,3.24,94.58,29.79,2.88,90.19,27.76,2.59,78.00,25.75,1.53,79.23,24.38,5.54,5.54
http://www.hl.co.uk/shares/shares-search-results/a/acorn-income-fund-red-zero-div-pref-2022,Acorn Income Fund (AIFZ) Red Zero Div Pref GBP0.01 2022,£32m,153.00p,,8,54.85,12.73,79.23,24.38,7.60,,,-0.16,,,,,,,,,3.25,3.25
http://www.hl.co.uk/shares/shares-search-results/a/acs-actividades-de-construccion-ord-eur0.5,ACS Actividades De Construccion y Servicios SA (ACS) Ord Eur0.5,€11.21 bn,€35.20,,,4,981.94,595.81,33,373.27,28,391.33,994.97,35,279.83,30,082.56,463.62,39,320.74,34,422.85,1,246.93,39,771.16,34,282.25,-1,515.09,,,20,733.79,20,733.79
http://www.hl.co.uk/shares/shares-search-results/a/action-hotels-plc-ordinary-10p,Action Hotels plc (AHCG) Ordinary 10p,£33.22 million,23.00p,,,201.83,-12.63,608.59,406.76,-5.89,480.15,285.36,2.82,421.17,225.28,1.89,314.25,128.26,-9.12,304.80,137.71,33.09,33.09
http://www.hl.co.uk/shares/shares-search-results/a/active-energy-group-plc-ordinary-1p,Active Energy Group plc (AEG) Ordinary 1p Shares,£32.64 million,3.30p,,2,454,878,-2.53,-7.94,13.31,15.85,-4.02,17.96,11.06,-5.70,13.41,12.57,-2.78,12.14,8.53,-3.55,8.60,2.70,0.68,0.68
http://www.hl.co.uk/shares/shares-search-results/a/actual-experience-plc-ordinary-gbp0,Actual Experience plc (ACT) Ordinary GBP0,£125.73 million,290.00p,,,20.06,-7.40,20.88,0.82,-5.67,10.91,0.66,-2.23,16.16,0.44,-1.31,3.44,0.28,,,,19.27,19.27
http://www.hl.co.uk/shares/shares-search-results/a/adams-plc-ordinary-eur0.01,Adams Plc (ADA) Ordinary Eur0.01,,,,,2.11,0.18,2.13,0.02,0.08,0.97,0.03,-0.23,1.13,0.03,-0.03,0.34,0.09,-0.12,0.14,0.01,0.05,0.05
http://www.hl.co.uk/shares/shares-search-results/a/addex-pharmaceuticals-sa-ordinary-shares,Addex Pharmaceuticals SA (ADXN) Ordinary Shares CHF1,77.42 million CHF,2.79 CHF,,,0.22,-3.15,1.68,1.46,-4.20,2.89,1.23,-1.77,4.00,1.65,-14.46,5.88,2.85,-26.61,,,1.66,1.66
http://www.hl.co.uk/shares/shares-search-results/a/adecco-group-ag-ord-chf1.00,Adecco Group AG (ADEN) Ord CHF1.00 (CDI),10.00 bn CHF,59.40 CHF,,,3,839.00,640.00,9,440.00,5,601.00,558.00,9,329.00,5,772.00,378.00,,,520.00,,,424.00,,,4,636.00,4,636.00
http://www.hl.co.uk/shares/shares-search-results/a/adept-telecom-plc-ord-gb-0.10p,Adept Telecom Plc (ADT) Ord GB 0.10p,£77.50 million,334.00p,16.71,11,455,13.12,2.75,48.00,34.46,2.39,36.00,24.37,1.53,19.40,7.12,1.33,21.32,10.62,0.98,,,6.95,6.95
http://www.hl.co.uk/shares/shares-search-results/a/adept4-plc-ord-0.1p,Adept4 plc (AD4) Ordinary 0.1p,£5.68 million,2.70p,,,7.73,-0.58,17.35,9.62,-1.32,18.75,10.60,-0.48,2.83,2.42,-1.77,2.90,2.55,-2.71,5.07,3.35,5.32,5.32
http://www.hl.co.uk/shares/shares-search-results/a/ades-international-ord-usd1-di,Ades International (ADES) ORD USD1 DI,$538.09 million,$12.80,,,318.01,44.57,587.89,269.88,38.01,398.82,293.91,,,,,,,,,,262.95,262.95
http://www.hl.co.uk/shares/shares-search-results/a/adidas-ag-npv,Adidas AG (ADS) NPV (CDI),€38.71 bn,€182.10,,,6,435.00,1,354.00,14,522.00,8,087.00,1,082.00,15,176.00,8,721.00,640.00,13,343.00,7,695.00,564.00,12,418.00,6,800.00,773.00,11,599.00,6,118.00,8,645.00,8,645.00
http://www.hl.co.uk/shares/shares-search-results/a/admiral-group-ord-gbp0.01,Admiral Group (ADM) Ord GBP0.01,£5.49 bn,1,909.50p,24.17,676,733,655.80,331.60,5,859.10,5,203.30,214.10,4,860.80,4,279.10,291.80,4,202.40,3,569.50,281.60,3,877.50,3,296.60,286.90,3,473.80,2,949.70,1,266.50,1,266.50
http://www.hl.co.uk/shares/shares-search-results/a/adva-optical-networking-se-npv-shares,ADVA Optical Networking SE (ADV) Ordinary NPV Shares (CDI),€317.31 million,€6.26,,,227.02,-4.23,464.02,237.00,21.53,444.55,205.60,26.85,391.54,175.61,8.38,324.84,147.72,11.63,299.21,135.26,232.64,232.64
http://www.hl.co.uk/shares/shares-search-results/a/advance-auto-parts-inc-com-stk-usd0.0001,Advance Auto Parts Inc (AAP) Com Stk USD0.0001,$9.97 bn,$135.33,,,3,415.20,475.50,8,482.30,5,067.11,459.62,8,315.03,5,398.84,473.40,8,127.70,5,667.05,493.82,7,962.36,5,959.45,391.76,5,564.77,4,048.57,5,426.89,5,426.89
http://www.hl.co.uk/shares/shares-search-results/a/advanced-medical-solutions-group-ord-5p,Advanced Medical Solutions Group plc (AMS) Ordinary 5p,£685.15 million,323.00p,41.37,157,200,152.44,20.13,168.72,16.28,15.69,145.01,19.48,14.12,116.56,12.91,12.86,104.53,11.48,11.37,97.15,11.06,94.52,94.52
http://www.hl.co.uk/shares/shares-search-results/a/advanced-oncotherapy-plc-ord-25p,Advanced Oncotherapy plc (AVO) Ord 25p,£85.60 million,55.00p,,403,913,28.66,-13.66,45.40,16.74,-10.37,37.67,3.68,-5.85,30.74,3.46,-5.70,14.47,3.33,-3.43,12.29,5.39,12.50,12.50
http://www.hl.co.uk/shares/shares-search-results/a/advantage-oil-and-gas-ltd-common-share2,Advantage Oil & Gas Ltd (AAV) Common Share NPV,761.83 million CAD,4.12 CAD,,,1,311.68,95.04,1,691.18,379.51,-15.73,1,496.46,288.19,21.38,1,517.44,395.50,74.60,1,454.77,360.44,-8.30,1,765.24,560.83,70.29,70.29
http://www.hl.co.uk/shares/shares-search-results/a/advfn-plc-ordinary-shares-0.2p,ADVFN plc (AFN) Ordinary Shares 0.2p,£7.94 million,35.00p,,,1.70,0.24,4.17,2.46,-0.48,4.47,2.85,-1.56,4.47,2.83,-0.45,5.28,2.43,-0.53,,,1.91,1.91
http://www.hl.co.uk/shares/shares-search-results/a/aecon-group-inc-com-npv,Aecon Group Inc (ARE) Com Npv,924.26 million CAD,15.41 CAD,,,753.60,46.76,2,005.48,1,251.89,68.68,1,874.36,1,156.31,30.04,1,830.11,1,174.16,40.60,1,993.59,1,406.98,77.60,,,1,389.30,1,389.30
http://www.hl.co.uk/shares/shares-search-results/a/aegon-nv-eur0.12,Aegon Nv (AGN) Eur0.12 (CDI),€10.72 bn,€5.25,,,24,734.00,586.00,425,935.00,401,201.00,-523.00,415,729.00,389,236.00,1,186.00,424,901.00,396,772.00,857.00,351,767.00,329,141.00,1,582.00,,,11,347.00,11,347.00
http://www.hl.co.uk/shares/shares-search-results/a/aeorema-communications-plc-ord-12.5p,Aeorema Communications Plc (AEO) Ord 12.5p,£2.49 million,30.00p,9.11,405,1.66,0.21,3.30,1.65,0.27,3.03,1.41,0.32,3.35,1.46,0.42,3.56,1.59,0.28,,,2.91,2.91
http://www.hl.co.uk/shares/shares-search-results/a/aes-corporation-com-stock-usd-0.01,AES Corporation (AES) Com Stock USD 0.01,$8.69 bn,$12.89,,,5,682.00,-148.00,33,112.00,27,430.00,191.00,36,124.00,29,642.00,787.00,36,470.00,30,299.00,1,176.00,38,966.00,31,641.00,730.00,40,411.00,32,760.00,6,398.00,6,398.00
http://www.hl.co.uk/shares/shares-search-results/a/aetna-inc-com-stk-usd0.01,Aetna Inc (AET) Com Stk USD0.01,$60.74 bn,$185.73,,,15,837.00,1,904.00,55,151.00,39,314.00,2,271.00,69,146.00,51,203.00,2,395.00,53,509.00,37,330.00,2,040.80,53,402.10,38,850.30,1,913.60,49,764.80,35,686.60,15,523.00,15,523.00
http://www.hl.co.uk/shares/shares-search-results/a/aew-uk-reit-plc-ordinary-1p,AEW UK REIT plc (AEWU) Ordinary 1p,£146.71 million,97.60p,19.29,124,273,146.03,9.82,199.08,53.04,6.10,150.23,31.56,4.64,135.50,19.12,,,,,,,11.33,11.33
http://www.hl.co.uk/shares/shares-search-results/a/af-gruppen-asa-nok1.05,AF Gruppen ASA (AFG) NOK0.05,12.83 bn NOK,130.00 NOK,,,2,078.00,754.00,7,724.00,5,646.00,787.00,6,549.00,4,599.00,778.00,6,242.00,4,424.00,483.00,5,428.00,3,929.00,453.00,5,237.00,3,902.00,3,679.00,3,679.00
http://www.hl.co.uk/shares/shares-search-results/a/afarak-group-plc-npv,Afarak Group plc (AFRK) Npv,£227.23 million,95.00p,33.09,,172.36,5.19,259.94,87.58,-2.80,260.24,84.06,7.76,266.99,95.79,0.47,290.29,108.04,-4.40,277.92,87.60,110.07,110.07
http://www.hl.co.uk/shares/shares-search-results/a/afc-energy-plc-ord-gbp0.001,AFC Energy plc (AFC) Ord GBP0.001,£34.39 million,9.40p,,627,940,8.41,-4.93,9.26,0.84,-5.66,6.20,1.30,-4.78,7.29,1.67,-5.44,10.69,1.13,-4.14,9.95,1.02,8.56,8.56
http://www.hl.co.uk/shares/shares-search-results/a/affiliated-managers-group-inc-us$0.01,Affiliated Managers Group Inc (AMG) USD0.01,$8.09 bn,$147.98,,,5,390.40,1,008.70,8,702.10,3,311.70,739.00,8,749.10,3,649.10,827.20,7,769.40,3,387.80,785.60,7,698.10,4,054.90,669.60,6,318.80,3,174.20,439.50,439.50
http://www.hl.co.uk/shares/shares-search-results/a/afh-financial-group-plc-ordinary-10p,AFH Financial Group plc (AFHP) Ordinary GBP0.10,£122.92 million,330.00p,45.39,330,33.33,3.06,55.44,22.11,1.68,33.79,13.63,1.17,30.04,17.41,0.60,18.11,7.58,,,,15.29,15.29
http://www.hl.co.uk/shares/shares-search-results/a/aflac-inc-com-stk-usd0.10,AFLAC INC (AFL) COM STK USD0.10,$33.20 bn,$42.96,,,24,598.00,4,604.00,137,217.00,112,619.00,2,659.00,129,819.00,109,337.00,2,533.00,118,256.00,100,548.00,2,951.00,119,767.00,101,420.00,3,158.00,121,307.00,106,687.00,3,491.00,3,491.00
http://www.hl.co.uk/shares/shares-search-results/a/african-battery-metals-plc-ord-0.001p,African Battery Metals plc (ABM) Ordinary 0.001p,£2.26 million,0.035p,,1,263,327,5.43,-3.94,6.09,0.67,-1.78,6.06,0.50,-1.77,6.00,0.22,-1.38,6.09,0.18,-2.02,4.12,0.47,0.29,0.29
http://www.hl.co.uk/shares/shares-search-results/a/aggregated-micro-power-holdings-ord-shares,Aggregated Micro Power Holdings plc (AMPH) Ordinary Shares 0.5p,£45.35 million,110.00p,,,18.08,1.92,50.00,32.02,1.03,29.00,18.40,-7.20,2.07,1.38,-0.35,10.29,7.80,-7.20,2.07,1.38,22.23,22.23
http://www.hl.co.uk/shares/shares-search-results/a/aggreko-plc-4-329395p,Aggreko plc (AGK) Ordinary 4 329/395p,£1.66 bn,645.40p,10.35,1,324,027,1,317.00,106.00,2,567.00,1,250.00,125.00,2,511.00,1,143.00,162.00,2,050.00,935.00,215.00,2,047.00,969.00,246.00,1,975.00,835.00,1,096.00,1,096.00
http://www.hl.co.uk/shares/shares-search-results/a/agilent-technologies-inc-comm-stk-us$.01,Agilent Technologies Inc (A) Comm Stk US$.01,$19.67 bn,$61.59,,,4,835.00,684.00,8,426.00,3,591.00,462.00,7,794.00,3,548.00,438.00,7,479.00,3,309.00,232.00,10,815.00,5,511.00,724.00,10,686.00,5,397.00,4,169.00,4,169.00
http://www.hl.co.uk/shares/shares-search-results/a/agnico-eagle-mines-com-npv,Agnico Eagle Mines (AEM) Com NPV,14.08 bn CAD,62.57 CAD,,,4,946.99,243.89,7,865.60,2,918.61,158.82,7,107.95,2,615.48,24.58,6,683.18,2,542.16,82.97,6,809.26,2,740.76,-686.71,4,580.08,1,862.68,1,461.53,1,461.53
http://www.hl.co.uk/shares/shares-search-results/a/agriterra-limited-ord-gbp0.1,Agriterra Limited (AGTA) Ord GBP0.1,£3.19 million,17.00p,,,8.43,-3.64,12.65,4.23,-7.68,17.08,3.77,-8.21,34.30,4.46,-5.65,55.39,4.84,-6.55,,,6.55,6.55
http://www.hl.co.uk/shares/shares-search-results/a/aib-group-plc-ordinary-shares-eur0.625,AIB Group plc (AIBG) Ordinary Shares EUR0.625,€12.98 bn,€4.86,,395,707,13,612.00,1,114.00,90,062.00,76,450.00,1,356.00,95,622.00,82,474.00,,,,,,,,,,68,232.00,68,232.00
http://www.hl.co.uk/shares/shares-search-results/a/aimia-inc-common-stock-npv,Aimia Inc (AIM) Common Stock NPV,353.54 million CAD,2.38 CAD,,,-243.00,-270.50,4,069.70,4,312.70,-64.60,4,508.00,4,392.50,-3.90,5,224.70,4,720.30,-37.70,5,404.80,4,626.10,-492.70,5,338.60,4,565.70,1,006.50,1,006.50
http://www.hl.co.uk/shares/shares-search-results/a/air-france-klm-eur1-regd,Air France - KLM (AF) Eur1 (REGD),€3.01 bn,€7.00,,,2,290.00,-1,696.00,25,423.00,23,133.00,-1,023.00,,,-438.00,,,612.00,,,-1,560.00,,,7,937.00,7,937.00
http://www.hl.co.uk/shares/shares-search-results/a/air-liquide-eur5.5,Air Liquide (AI) Eur5.50,€45.99 bn,€105.55,,,17,125.00,1,915.60,44,117.80,26,992.80,1,824.10,28,941.40,16,170.60,1,724.80,26,724.90,14,898.00,1,704.50,25,094.60,14,206.50,1,657.20,,,6,989.20,6,989.20
http://www.hl.co.uk/shares/shares-search-results/a/air-partner-plc-ordinary-1p-shares,Air Partner plc (AIR) Ordinary 1p Shares,£58.35 million,112.00p,17.19,33,105,11.52,3.58,63.25,51.73,2.53,55.96,45.01,1.91,54.00,39.93,2.79,44.46,31.14,1.85,42.15,29.64,50.48,50.48
http://www.hl.co.uk/shares/shares-search-results/a/air-products-and-chemicals-inc-com-stk-us-1,Air Products & Chemicals, Inc. (APD) Common Stock USD 1,$34.08 bn,$155.58,,,10,185.50,1,155.20,18,467.20,8,281.70,1,122.00,18,028.60,10,815.20,1,324.40,17,334.50,9,953.40,988.50,17,779.10,10,257.70,1,042.50,17,850.10,10,275.40,5,876.70,5,876.70
http://www.hl.co.uk/shares/shares-search-results/a/airbus-se-eur1,Airbus SE (AIR) EUR1,€75.89 bn,€95.36,,,3,652.00,1,000.00,111,133.00,107,481.00,2,698.00,105,782.00,99,809.00,2,350.00,96,102.00,89,023.00,1,483.00,90,274.00,79,368.00,1,198.00,,,54,948.00,54,948.00
http://www.hl.co.uk/shares/shares-search-results/a/airea-plc-ordinary-25p-shares,Airea plc (AIEA) Ordinary 25p Shares,£22.12 million,57.00p,18.07,,15.32,-1.37,22.49,7.17,1.28,26.51,12.56,0.58,23.83,12.75,0.30,23.49,11.00,0.08,,,13.53,13.53
http://www.hl.co.uk/shares/shares-search-results/a/aixtron-namen-akt-registered-npv-shares,Aixtron Namen-AKT (AIXA) Registered Shares (NPV),€1.14 bn,€10.19,,,368.91,6.53,455.12,86.21,-24.02,436.23,66.49,-29.16,481.95,85.45,-62.51,533.55,117.84,-101.02,563.19,97.79,313.83,313.83
http://www.hl.co.uk/shares/shares-search-results/a/akastor-asa-nok1.66,Akastor ASA (AKA) Akastor ASA NOK1.66,4.78 bn NOK,17.02 NOK,,,13,555.00,1,005.00,48,157.00,34,602.00,2,060.00,,,1,591.00,,,1,334.00,,,2,186.00,,,28,094.00,28,094.00
http://www.hl.co.uk/shares/shares-search-results/a/aker-asa-series-a-nok28-cdi,Aker ASA (AKER) Series 'A' NOK28 (CDI),46.67 bn NOK,630.00 NOK,,,40,060.00,1,620.00,84,588.00,44,528.00,-1,301.00,92,692.00,52,673.00,-773.00,134,469.00,105,050.00,-1,629.00,128,913.00,97,521.00,1,266.00,93,743.00,65,240.00,22,909.00,22,909.00
http://www.hl.co.uk/shares/shares-search-results/a/aker-bp-asa-nok1,Aker BP ASA (AKERBP) NOK1,108.80 bn NOK,304.80 NOK,,,339.03,-312.65,5,188.81,4,849.78,-279.14,5,384.37,4,732.71,-93.35,1,732.72,1,208.62,-172.02,,,-76.88,,,487.38,487.38
http://www.hl.co.uk/shares/shares-search-results/a/aker-solutions-asa-nok1.08,Aker Solutions ASA (AKSO) NOK1.08,15.46 bn NOK,54.86 NOK,,,7,046.00,239.00,19,735.00,12,689.00,152.00,21,513.00,15,097.00,383.00,27,729.00,21,099.00,1,300.00,27,391.00,21,498.00,1,181.00,25,975.00,19,588.00,9,775.00,9,775.00
http://www.hl.co.uk/shares/shares-search-results/a/akers-biosciences-inc-common-shares-npv,Akers Biosciences Inc (AKR) Common Shares NPV,£15.98 million,22.00p,,,9.11,-5.81,10.89,1.77,-3.30,5.09,1.70,-9.31,8.27,1.67,-3.14,16.65,1.84,-1.53,6.08,1.95,9.33,9.33
http://www.hl.co.uk/shares/shares-search-results/a/akzo-nobel-eur-2,Akzo Nobel (AKZA) EUR 2 (Crest Depository Interest),€18.53 bn,€74.70,,,7,034.00,1,054.00,16,196.00,9,162.00,1,060.00,15,963.00,8,983.00,600.00,16,299.00,10,032.00,661.00,16,063.00,10,042.00,-1,593.00,,,5,857.00,5,857.00
http://www.hl.co.uk/shares/shares-search-results/a/alacer-gold-corp-com-npv,Alacer Gold Corp (ASR) Com NPV,714.25 million CAD,2.47 CAD,,,798.11,15.66,865.39,67.28,65.63,815.62,51.37,89.04,759.49,63.86,97.52,712.16,78.53,209.96,,,305.11,305.11
http://www.hl.co.uk/shares/shares-search-results/a/alba-mineral-resources-plc-ord-gbp0.01,Alba Mineral Resources Plc (ALBA) Ord 0.1p,£10.54 million,0.38p,,63,353,036,5.01,-0.52,5.44,0.43,-0.43,4.41,0.63,-0.29,2.89,0.33,-0.24,1.02,0.30,0.50,0.63,0.29,0.67,0.67
http://www.hl.co.uk/shares/shares-search-results/a/albert-technologies-ltd-ils0.01,Albert Technologies Ltd (ALB) ILS0.01,£43.84 million,45.00p,,125,947,10.59,-11.81,14.34,3.75,-9.37,26.59,3.40,-6.86,36.00,5.01,3.37,8.44,6.01,,,,14.08,14.08
http://www.hl.co.uk/shares/shares-search-results/a/albion-development-vct-ordinary-1p,Albion Development VCT (AADV) Ordinary 1p Shares,£55m,73.50p,,,53.35,0.17,53.72,0.38,0.55,44.39,0.31,a,39.22,0.32,0.77,34.72,0.28,a,25.41,0.23,11.44,11.44
http://www.hl.co.uk/shares/shares-search-results/a/albion-enterprise-vct-plc-ordinary-1p,Albion Enterprise VCT plc (AAEV) Ordinary 1p,£59m,106.00p,,2,780,61.87,-0.21,63.43,1.56,0.30,53.13,0.67,a,44.83,0.36,0.75,34.97,0.31,a,32.40,0.34,10.99,10.99
http://www.hl.co.uk/shares/shares-search-results/a/albion-technology-and-general-vct-ord-1p,Albion Technology & General VCT (AATG) Ordinary 1p,£73m,72.00p,,,72.65,0.23,73.18,0.53,0.75,64.87,0.44,1.27,62.20,0.41,a,65.49,0.60,0.97,65.36,0.53,12.45,12.45
http://www.hl.co.uk/shares/shares-search-results/a/albion-venture-capital-trust-ord-1p,Albion Venture Capital Trust plc (AAVC) Ordinary 1p Shares,£58m,70.50p,,,,a,66.35,0.57,1.60,66.11,0.63,a,57.48,0.53,1.51,47.40,0.47,a,43.13,0.47,b,b
http://www.hl.co.uk/shares/shares-search-results/a/alcentra-european-fltg-rate-inc-fd-npv-gbp,Alcentra European Floating Rate Income Fund (AEFS) Red Ord Npv Gbp,£158m,99.80p,,212,135,207.10,-3.28,208.06,0.96,-14.24,231.20,1.89,38.20,255.97,0.30,14.39,177.27,0.60,8.66,,,4.20,4.20
http://www.hl.co.uk/shares/shares-search-results/a/alcoa-corp-usd0.01-shares,Alcoa Corp (AA) USD0.01 Shares,$8.55 bn,$46.97,,,6,798.00,559.00,17,447.00,10,649.00,-346.00,16,741.00,9,044.00,-739.00,16,413.00,4,900.00,177.00,37,363.00,22,569.00,-2,244.00,35,742.00,22,220.00,4,238.00,4,238.00
http://www.hl.co.uk/shares/shares-search-results/a/alexander-mining-plc-ord-0.1p,Alexander Mining plc (AXM) Ord 0.1p,£2.50 million,0.14p,,3,932,114,0.53,-0.43,1.03,0.50,-0.58,0.30,0.62,-0.85,0.21,0.53,-0.85,0.18,0.46,-1.36,0.46,0.29,1.03,1.03
http://www.hl.co.uk/shares/shares-search-results/a/alfa-financial-software-hldgs-gbp0.001,Alfa Financial Software Holdings Ltd (ALFA) GBP0.001,£498.00 million,165.60p,,342,683,54.12,25.87,72.30,18.18,9.88,114.48,29.88,,,,,,,,,,46.10,46.10
http://www.hl.co.uk/shares/shares-search-results/a/alfa-laval-ab-common-stock-npv,Alfa Laval AB (ALFA) Common Stock NPV,88.63 bn SEK,207.00 SEK,,,20,276.00,2,312.00,53,378.00,33,102.00,3,861.00,51,897.00,33,474.00,2,968.00,55,786.00,38,584.00,3,040.00,34,909.00,18,747.00,3,223.00,,,19,956.00,19,956.00
http://www.hl.co.uk/shares/shares-search-results/a/algonquin-power-and-utilities-co-npv,Algonquin Power & Utilities Co (AQN) NPV,6.00 bn CAD,12.66 CAD,,,2,515.35,92.37,8,249.46,5,734.10,86.54,4,991.73,2,674.11,55.64,4,102.85,2,266.00,51.49,3,472.56,2,006.60,20.90,,,491.85,491.85
http://www.hl.co.uk/shares/shares-search-results/a/alimentation-couche-tard-class-b-com-npv,Alimentation Couche-Tard (ATD/B) Class B Sub-Vtg Com Npv,32.32 bn CAD,55.43 CAD,,,6,009.60,1,208.90,14,171.20,8,161.60,1,191.40,12,264.80,7,223.70,930.00,11,028.40,7,125.40,812.20,10,545.00,6,568.40,572.80,,,3,173.60,3,173.60
http://www.hl.co.uk/shares/shares-search-results/a/all-asia-asset-capital-limited-ordinary-npv,All Asia Asset Capital Limited (AAA) Ordinary NPV,£7.45 million,4.50p,,,1.56,1.07,1.58,0.02,-4.35,2.48,0.35,-0.30,5.69,0.02,-0.51,5.68,0.35,-0.62,3.45,0.05,0.37,0.37
http://www.hl.co.uk/shares/shares-search-results/a/allegheny-technologies-inc,Allegheny Technologies Inc (ATI) Com Stk USD0.10,$3.17 bn,$25.41,,,1,844.50,-79.70,5,185.40,3,340.90,-627.10,5,170.00,3,725.20,-365.90,5,751.70,3,555.20,10.20,6,582.60,3,873.30,-91.20,6,898.50,3,903.80,1,915.70,1,915.70
http://www.hl.co.uk/shares/shares-search-results/a/allergan-plc-ordinary-shares-eur1,Allergan plc (AGN) Ordinary Shares EUR1,$56.69 bn,$171.88,,,73,837.10,-3,716.00,118,341.90,44,504.80,-935.00,128,986.30,52,785.80,-2,941.60,135,583.30,58,994.00,-2,407.10,52,758.00,24,422.50,-751.10,22,725.90,13,188.80,11,376.70,11,376.70
http://www.hl.co.uk/shares/shares-search-results/a/allergy-therapeutics-plc-ord-gbp0.01,Allergy Therapeutics Plc (AGY) Ord GBP0.01,£166.35 million,29.00p,,63,502,29.96,-2.48,57.18,27.22,-13.07,56.68,26.36,0.11,50.70,16.23,0.74,28.40,13.32,0.63,,,37.46,37.46
http://www.hl.co.uk/shares/shares-search-results/a/alliance-data-system-com-stk-usd0.01,Alliance Data System (ADS) Com Stk USD0.01,$13.10 bn,$237.24,,,1,855.30,788.70,30,684.80,28,829.50,517.60,25,514.10,23,855.90,605.40,22,349.90,20,172.50,516.14,20,263.98,17,867.60,496.17,13,244.26,12,388.50,24,705.60,24,705.60
http://www.hl.co.uk/shares/shares-search-results/a/alliance-pharma-plc-ordinary-1p,Alliance Pharma Plc (APH) Ordinary 1p,£503.92 million,97.60p,25.30,737,143,203.38,28.91,336.48,133.10,18.09,320.74,141.47,12.69,283.00,120.18,8.38,107.87,37.09,9.58,106.94,42.27,49.13,49.13
http://www.hl.co.uk/shares/shares-search-results/a/alliance-trust-plc-ordinary-2.5p-shares,Alliance Trust plc (ATST) Ordinary 2.5p Shares,£2,533m,748.00p,,183,254,2,699.63,48.46,2,979.27,279.64,65.87,3,541.12,256.98,60.59,3,360.03,422.99,68.82,3,416.00,397.19,60.70,3,279.58,393.42,137.42,137.42
http://www.hl.co.uk/shares/shares-search-results/a/allianz-se-npvregdvinkuliert,Allianz SE (ALV) NPV(Regd)(Vinkuliert)(CDI),€77.38 bn,€180.34,,,70,392.00,7,250.00,883,809.00,813,417.00,6,987.00,848,942.00,782,843.00,6,603.00,805,787.00,742,085.00,6,343.00,711,078.00,658,229.00,5,558.00,,,14,463.00,14,463.00
http://www.hl.co.uk/shares/shares-search-results/a/allianz-technology-trust-ordinary-25p,Allianz Technology Trust (ATT) Ordinary 25p,£442m,1,430.00p,,65,915,,a,314.79,1.36,-1.23,230.49,13.82,a,176.20,0.50,-0.67,158.16,0.41,a,,,b,b
http://www.hl.co.uk/shares/shares-search-results/a/allied-minds-plc-ordinary-shares-1p,Allied Minds plc (ALM) Ordinary Shares 1p,£235.27 million,102.80p,,204,401,12.09,-111.01,213.16,201.07,-128.94,270.24,156.12,-97.99,251.21,109.84,-57.71,293.03,63.20,-42.71,131.80,19.16,184.79,184.79
http://www.hl.co.uk/shares/shares-search-results/a/allstate-corp-common-stock-usd0.01,Allstate Corp (ALL) Common Stock USD0.01,$32.22 bn,$91.67,,,22,551.00,3,189.00,112,422.00,89,871.00,1,877.00,108,610.00,88,037.00,2,171.00,104,656.00,84,631.00,2,850.00,108,479.00,86,175.00,2,280.00,123,520.00,102,040.00,617.00,617.00
http://www.hl.co.uk/shares/shares-search-results/a/alpha-finl-mrkts-consult-plc-ord-gbp0.00075,Alpha Financial Markets Consulting Plc (AFM) Ord GBP0.00075,£246.50 million,248.00p,,41,363,82.97,-0.44,106.95,23.98,-4.41,95.30,99.85,,,,,,,,,,31.02,31.02
http://www.hl.co.uk/shares/shares-search-results/a/alpha-fx-group-plc-ord-gbp0.002,Alpha FX Group plc (AFX) Ord GBP0.002,£183.30 million,570.00p,,5,771,22.06,4.40,31.79,9.74,3.45,25.89,20.48,,,,,,,,,,31.46,31.46
http://www.hl.co.uk/shares/shares-search-results/a/alpha-pyrenees-trust-ord-npv,Alpha Pyrenees Trust (ALPH) Ord NPV,,,,,-74.71,-6.88,9.27,83.98,-7.49,22.62,81.72,-4.99,57.59,93.96,-3.84,230.71,227.75,0.12,258.28,243.31,3.33,3.33
http://www.hl.co.uk/shares/shares-search-results/a/alpha-real-trust-limited-ord-npv,Alpha Real Trust Limited (ARTL) ORD NPV,£84m,137.00p,,,118.45,13.04,120.64,2.19,12.89,177.58,67.41,16.24,156.42,60.80,7.21,134.00,54.42,1.57,136.40,60.71,53.28,53.28
http://www.hl.co.uk/shares/shares-search-results/a/alstom-eur7-cdi,Alstom (ALO) Eur7 (CDI),€8.77 bn,€39.41,,,3,713.00,237.00,14,361.00,10,648.00,-1,068.00,13,622.00,10,294.00,-814.00,33,233.00,29,009.00,566.00,30,428.00,25,319.00,784.00,,,8,379.00,8,379.00
http://www.hl.co.uk/shares/shares-search-results/a/alstria-office-reit-ag-npv-br,Alstria Office Reit AG (AOX) NPV (BR),€2.28 bn,€12.90,,,1,954.66,296.99,3,584.07,1,629.40,182.38,3,382.63,1,654.19,-111.38,3,850.58,2,192.92,36.95,1,769.30,922.71,38.95,1,785.93,941.57,184.22,184.22
http://www.hl.co.uk/shares/shares-search-results/a/alternative-liquidity-fund-ltd-usd0.01,Alternative Liquidity Fund Ltd (ALF) USD0.01,$25.37 million,$0.18,,6,705,111.07,-2.25,111.45,0.38,-18.74,128.11,0.64,,,,,,,,,,4.46,4.46
http://www.hl.co.uk/shares/shares-search-results/a/altitude-group-plc-ord-gbp0.04,Altitude Group Plc (ALT) Ord GBP0.04,£52.43 million,99.00p,579.41,152,590,4.44,0.12,7.08,2.64,0.07,2.98,1.70,-1.25,3.03,2.04,-1.57,4.35,2.06,-1.76,5.79,2.12,4.93,4.93
http://www.hl.co.uk/shares/shares-search-results/a/altona-energy-plc-ord-0.01p,Altona Energy plc (ANR) Ord 0.01p,£5.07 million,0.35p,32.50,4,750,000,11.73,-0.34,11.83,0.10,0.04,11.60,0.07,-1.31,10.00,0.90,-2.28,13.23,0.94,-1.40,,,0.02,0.02
http://www.hl.co.uk/shares/shares-search-results/a/altri-sgps-s.a.-eur0.125,Altri SGPS S.A. (ALTR) EUR0.125,€1.76 bn,€8.65,,,343.64,76.98,1,285.07,941.42,117.67,1,195.24,872.89,37.39,1,239.26,966.99,55.37,1,221.38,979.57,52.20,,,487.53,487.53
http://www.hl.co.uk/shares/shares-search-results/a/altria-group-inc-com-stk-udsd0.333,Altria Group Inc (MO) Com Stk USD0.333,$105.74 bn,$57.30,,,15,380.00,10,227.00,43,202.00,27,822.00,14,244.00,45,932.00,33,159.00,5,243.00,31,459.00,28,586.00,5,070.00,34,475.00,31,465.00,4,535.00,34,859.00,30,741.00,4,344.00,4,344.00
http://www.hl.co.uk/shares/shares-search-results/a/altus-strategies-plc-ord-gbp0.01,Altus Strategies plc (ALS) Ord GBP0.01,£12.44 million,7.50p,,264,1.08,-1.86,1.39,0.31,-0.65,1.25,0.34,,,,,,,,,,0.63,0.63
http://www.hl.co.uk/shares/shares-search-results/a/altyn-plc-ord-0.1p,Altyn plc (ALTN) Ordinary 0.1p,£24.39 million,1.30p,,998,478,33.25,-1.93,60.41,27.16,-6.36,61.37,27.38,-10.22,59.20,20.80,-0.26,108.72,34.97,2.27,91.72,31.84,4.94,4.94
http://www.hl.co.uk/shares/shares-search-results/a/alumasc-group-plc-ordinary-12.5p-shares,Alumasc Group plc (ALU) Ordinary 12.5p Shares,£48.78 million,137.00p,7.39,47,745,20.44,6.54,69.67,49.23,5.18,69.01,52.43,4.80,67.89,51.97,4.79,73.55,56.51,1.89,,,41.98,41.98
http://www.hl.co.uk/shares/shares-search-results/a/amadeus-ag-personaldienstlei-npv,Amadeus AG Personaldienstlei (AAD) Npv,€479.80 million,€93.00,,,47.12,22.07,78.02,30.90,20.46,72.75,27.36,19.56,71.91,27.30,18.53,68.09,24.30,15.73,61.62,20.80,64.36,64.36
http://www.hl.co.uk/shares/shares-search-results/a/amadeus-it-group-sa-eur0.01-a,Amadeus IT Group SA (AMS) EUR0.01 A,€29.62 bn,€68.60,,,2,761.50,820.90,7,774.10,5,012.60,682.50,7,004.20,4,706.70,629.38,6,165.44,4,298.01,557.98,5,427.12,3,587.05,496.09,,,1,092.30,1,092.30
http://www.hl.co.uk/shares/shares-search-results/a/amati-aim-vct-plc-ordinary-5p,Amati Aim VCT plc (AMAT) Ordinary 5p,£133m,166.00p,,9,312,,a,61.96,0.41,-0.11,40.79,0.41,a,32.62,0.22,-0.01,31.10,0.48,a,36.18,1.66,b,b
http://www.hl.co.uk/shares/shares-search-results/a/amedeo-air-four-plus-ltd-npv,Amedeo Air Four Plus Ltd (AA4) NPV,£644.03 million,108.00p,,7,782,343.34,-57.44,1,682.53,1,339.20,-23.66,962.57,700.66,,,,,,,,,,99.40,99.40
http://www.hl.co.uk/shares/shares-search-results/a/amedeo-resources-plc-ordinary-shares-10p,Amedeo Resources plc (AMED) Ordinary Shares 10p,£3.27 million,11.00p,,25,000,19.02,-0.23,19.18,0.15,-1.89,18.52,0.10,-2.61,21.26,0.15,-1.41,24.78,0.34,-0.97,10.75,0.12,3.41,3.41
http://www.hl.co.uk/shares/shares-search-results/a/amer-sports-corp-npv-a,Amer Sports Corp (AMEAS) NPV A,€3.17 bn,€27.07,,,1,003.10,126.90,2,715.10,1,712.00,121.60,2,555.70,1,606.10,55.40,2,173.60,1,330.80,90.30,2,029.90,1,268.60,57.90,,,1,663.60,1,663.60
http://www.hl.co.uk/shares/shares-search-results/a/ameren-corp-com-stk-usd0.01,Ameren Corp (AEE) Com Stk USD0.01,$14.92 bn,$61.30,,,7,326.00,529.00,25,945.00,18,619.00,659.00,24,699.00,17,454.00,585.00,23,640.00,16,552.00,593.00,22,289.00,15,434.00,518.00,21,042.00,14,356.00,1,612.00,1,612.00
http://www.hl.co.uk/shares/shares-search-results/a/american-electric-power-co-inc-com-stk-us,American Electric Power Co Inc (AEP) Com Stk USD6.50,$34.50 bn,$70.80,,,18,325.50,1,928.90,64,729.10,46,403.60,620.50,63,467.70,46,047.60,1,768.60,61,683.10,43,778.20,1,590.50,59,544.60,42,720.10,1,484.00,56,414.00,40,328.00,4,253.10,4,253.10
http://www.hl.co.uk/shares/shares-search-results/a/american-express-co-common-stock-usd0.20,American Express Co (AXP) Common Stock USD0.20 (CDI),$85.18 bn,$98.32,,,18,227.00,2,736.00,181,159.00,162,932.00,5,408.00,158,893.00,138,392.00,5,163.00,161,184.00,140,511.00,5,885.00,159,103.00,138,430.00,5,359.00,153,375.00,133,879.00,5,148.00,5,148.00
http://www.hl.co.uk/shares/shares-search-results/a/american-intnl-group-inc-com-stk-$2.50,American International Group Inc (AIG) Com Stk USD2.50 (CDI),$47.90 bn,$53.81,,,65,708.00,-6,060.00,498,301.00,432,593.00,-259.00,498,264.00,421,406.00,2,222.00,496,842.00,406,632.00,7,574.00,515,581.00,408,309.00,9,008.00,541,329.00,440,218.00,2,362.00,2,362.00
http://www.hl.co.uk/shares/shares-search-results/a/american-shipping-co-asa-nok10,American Shipping Co ASA (AMSC) NOK10,1.78 bn NOK,29.15 NOK,,,186.87,13.31,847.13,660.26,7.11,889.39,693.74,9.70,904.96,688.53,22.98,999.68,765.13,30.91,932.88,860.08,54.48,54.48
http://www.hl.co.uk/shares/shares-search-results/a/american-tower-corp-usd0.01,American Tower Corp (AMT) USD0.01,$63.89 bn,$144.90,,,7,954.30,1,225.40,33,214.30,25,260.00,970.40,30,879.20,22,811.70,672.01,26,904.27,20,191.45,803.20,21,263.56,17,210.21,482.21,20,283.66,16,693.62,2,038.10,2,038.10
http://www.hl.co.uk/shares/shares-search-results/a/ameriprise-financial-inc-com-stk-us0.01,Ameriprise Financial Inc (AMP) Com Stk US$0.01 (CDI),$20.37 bn,$140.60,,,5,998.00,1,480.00,147,470.00,141,472.00,1,314.00,139,821.00,133,529.00,1,687.00,145,339.00,136,960.00,2,002.00,148,810.00,139,505.00,1,478.00,144,576.00,135,344.00,2,484.00,2,484.00
http://www.hl.co.uk/shares/shares-search-results/a/amerisourcebergen-corp-com-stk-npv,Amerisourcebergen Corp (ABC) Com Stk NPV,$18.84 bn,$87.11,,,2,064.46,364.48,35,316.47,33,252.01,1,427.93,33,637.50,31,508.10,-138.16,27,962.98,27,346.60,284.03,21,532.18,19,575.28,493.44,18,918.64,16,598.89,24,303.30,24,303.30
http://www.hl.co.uk/shares/shares-search-results/a/amerisur-resources-plc-ordinary-0.1p,Amerisur Resources plc (AMER) Ordinary 0.1p,£182.71 million,15.20p,,3,291,269,209.15,12.57,264.20,55.04,-28.45,243.00,47.53,-26.74,232.00,42.00,27.39,268.22,60.96,46.81,244.95,68.99,60.95,60.95
http://www.hl.co.uk/shares/shares-search-results/a/ametek-inc-com-stk-usd0.01,Ametek Inc (AME) Com Stk USD0.01,$16.65 bn,$71.88,,,4,027.63,681.47,7,796.06,3,768.43,512.16,7,100.67,3,844.16,590.86,6,660.45,3,405.82,584.46,6,420.96,3,181.40,517.00,5,877.90,2,741.78,1,934.65,1,934.65
http://www.hl.co.uk/shares/shares-search-results/a/amiad-water-systems-ltd-ord-ils0.50,Amiad Water Systems Ltd (AFS) Ord ILS0.50,£44.99 million,202.00p,25.37,17,441,60.57,4.15,116.92,56.35,2.41,107.77,50.24,5.07,111.16,55.33,-0.99,117.39,64.64,3.65,116.47,60.92,88.17,88.17
http://www.hl.co.uk/shares/shares-search-results/a/aminex-plc-eur0.001-ordinary-shares,Aminex plc (AEX) Eur0.001 Ordinary Shares,£82.89 million,2.30p,,1,228,978,107.41,-2.28,117.02,9.61,-2.53,124.58,18.23,-3.78,96.99,12.11,-5.87,98.98,12.51,-6.92,96.77,19.30,15.01,15.01
http://www.hl.co.uk/shares/shares-search-results/a/amino-technologies-plc-ord-gbp0.01,Amino Technologies Plc (AMO) Ord GBP0.01,£148.28 million,206.00p,14.96,19,073,54.56,11.13,74.29,19.73,2.68,74.74,28.88,0.36,65.64,20.59,4.07,34.80,9.00,4.17,32.33,7.40,27.55,27.55
http://www.hl.co.uk/shares/shares-search-results/a/amphenol-corp-class-a-com-stk-usd0.001,Amphenol Corp (APH) Class A Com Stk USD0.001,$26.26 bn,$87.44,,,4,043.40,660.70,10,003.90,5,960.50,832.60,8,498.70,4,775.60,772.30,7,458.40,4,180.00,715.20,6,985.90,4,048.00,638.70,6,168.00,3,287.90,4,656.00,4,656.00
http://www.hl.co.uk/shares/shares-search-results/a/amphion-innovations-plc-ord-gbp0.01,Amphion Innovations Plc (AMP) Ord GBP0.01,£1.89 million,1.00p,,487,336,-2.81,2.50,28.30,31.11,-16.84,24.45,30.34,5.94,39.89,28.99,-12.59,31.99,30.41,-6.38,40.35,26.28,2.20,2.20
http://www.hl.co.uk/shares/shares-search-results/a/amryt-pharma-plc-ordinary-1p,Amryt Pharma plc (AMYT) Ordinary 1p,£44.25 million,16.30p,,16,949,21.89,-26.14,80.00,58.20,-7.80,65.00,32.25,-1.19,1.77,3.00,-1.87,15.36,0.46,-2.56,69.16,13.22,26.32,26.32
http://www.hl.co.uk/shares/shares-search-results/a/amur-minerals-corp-ord-npv,Amur Minerals Corp (AMC) ORD NPV,£26.10 million,4.15p,,1,349,627,28.38,-1.15,29.32,0.94,-5.77,29.63,3.88,-0.71,23.52,1.05,-1.36,21.12,0.41,-3.83,30.03,0.12,4.07,4.07
http://www.hl.co.uk/shares/shares-search-results/a/anadarko-petroleum-com-stock-cdi,Anadarko Petroleum (APC) Com Stock (CDI),$37.31 bn,$72.62,,,13,790.00,-211.00,42,086.00,28,296.00,-2,808.00,45,564.00,30,067.00,-6,812.00,46,331.00,30,874.00,-1,563.00,60,967.00,38,649.00,941.00,55,781.00,32,131.00,6,762.00,6,762.00
http://www.hl.co.uk/shares/shares-search-results/a/andalas-energy-and-power-plc-ordinary-npv,Andalas Energy & Power plc (ADL) Ordinary NPV,£2.37 million,0.026p,,520,632,740,0.06,-1.33,1.11,1.04,-4.60,0.17,2.19,-4.67,1.18,2.67,-0.12,0.56,0.04,-0.70,0.88,0.05,0.90,0.90
http://www.hl.co.uk/shares/shares-search-results/a/andeavor-usd0.16660,Andeavor (ANDV) USD0.16660,$19.92 bn,$131.84,,,13,415.00,1,675.00,28,573.00,15,158.00,850.00,20,398.00,12,271.00,1,694.00,16,332.00,8,592.00,917.00,16,584.00,9,608.00,434.00,13,389.00,7,904.00,6,883.00,6,883.00
http://www.hl.co.uk/shares/shares-search-results/a/andrews-sykes-group-plc-ordinary-1p,Andrews Sykes Group plc (ASY) Ordinary 1p,£208.35 million,510.00p,19.47,3,425,53.38,14.10,72.45,19.07,14.47,68.23,20.03,10.80,62.20,18.55,9.31,61.66,19.52,11.52,64.03,20.20,47.02,47.02
http://www.hl.co.uk/shares/shares-search-results/a/andritz-npv,Andritz (ANDR) NPV (CDI),€4.65 bn,€44.88,,,1,344.23,274.82,6,198.59,4,854.36,270.37,5,778.03,4,562.45,209.99,5,995.24,4,956.97,53.19,5,571.40,4,641.92,241.26,,,4,284.86,4,284.86
http://www.hl.co.uk/shares/shares-search-results/a/angle-plc-ordinary-10p,Angle plc (AGL) Ordinary 10p,£62.06 million,54.00p,,74,661,8.81,-6.39,10.92,2.11,-5.12,6.74,1.50,-3.87,11.22,1.13,-2.20,6.16,0.65,-1.03,,,8.18,8.18
http://www.hl.co.uk/shares/shares-search-results/a/anglesey-mining-plc-ordinary-1p-shares,Anglesey Mining plc (AYM) Ordinary 1p Shares,£2.84 million,1.70p,,214,719,12.26,-0.31,15.84,3.58,-0.26,15.39,3.28,-1.74,15.42,3.05,-7.17,16.69,2.56,-31.45,,,0.41,0.41
http://www.hl.co.uk/shares/shares-search-results/a/angling-direct-ord,Angling Direct (ANG) Ord,£41.28 million,98.00p,,1,037,8.25,0.03,15.04,6.78,0.56,8.09,5.69,,,,,,,,,,8.19,8.19
http://www.hl.co.uk/shares/shares-search-results/a/anglo-african-agriculture-plc-ord-gbp0.001,Anglo African Agriculture plc (AAAP) Ord GBP0.001,£737,698,0.35p,,511,904,0.14,-0.55,1.10,0.96,-0.43,1.35,0.88,-0.39,1.07,0.72,-0.35,1.33,0.59,,,,0.66,0.66
http://www.hl.co.uk/shares/shares-search-results/a/anglo-african-oil-and-gas-ordinary-shares-5p,Anglo African Oil & Gas plc (AAOG) Ordinary Shares 5p,£14.99 million,9.40p,,609,498,9.93,-3.14,13.59,3.65,-0.94,0.09,1.20,,,,,,,,,,2.95,2.95
http://www.hl.co.uk/shares/shares-search-results/a/anglo-american-ordinary-usd0.54945,Anglo American (AAL) Ordinary USD0.54945,£24.18 bn,1,724.00p,12.88,7,794,223,28,882.00,4,059.00,54,561.00,25,679.00,1,926.00,50,149.00,25,824.00,-5,842.00,52,013.00,30,671.00,-1,524.00,66,010.00,33,833.00,426.00,71,165.00,33,801.00,14,604.00,14,604.00
http://www.hl.co.uk/shares/shares-search-results/a/anglo-asian-mining-ordinary-gbp-0.01,Anglo Asian Mining (AAZ) Ordinary GBP 0.01,£47.21 million,42.00p,15.46,1,080,646,85.35,2.52,152.20,66.84,3.98,168.06,85.41,-7.38,172.04,93.40,-10.93,176.48,90.56,0.34,182.59,85.84,47.79,47.79
http://www.hl.co.uk/shares/shares-search-results/a/anglo-pacific-group-plc-2p-ord-shares,Anglo Pacific Group plc (APF) 2p Ordinary Shares,£253.99 million,141.00p,14.55,331,472,218.94,10.53,253.36,34.42,26.36,256.25,46.12,-22.58,196.74,34.76,-47.59,199.87,38.62,-42.50,257.28,40.43,16.90,16.90
http://www.hl.co.uk/shares/shares-search-results/a/anglo-eastern-plantations-ord-25p-share,Anglo-Eastern Plantations plc (AEP) Ordinary 25p Shares,£289.35 million,728.00p,13.92,,476.89,46.31,561.62,84.73,43.98,541.10,95.84,-13.43,543.37,91.41,38.70,637.56,119.52,113.81,607.75,113.74,190.27,190.27
http://www.hl.co.uk/shares/shares-search-results/a/angus-energy-plc-ord-gbp0.002,Angus Energy Plc (ANGS) Ord GBP0.002,£18.41 million,6.25p,53.75,5,490,069,4.15,-3.00,4.97,0.82,0.12,1.46,1.30,-2.04,1.70,1.81,,,,,,,1.96,1.96
http://www.hl.co.uk/shares/shares-search-results/a/anheuser-busch-inbev-com-stock-npv2,Anheuser-Busch Inbev (ABI) Com Stock NPV,€147.82 bn,€87.55,,,81,424.00,2,769.00,258,381.00,176,957.00,9,867.00,134,635.00,88,916.00,11,302.00,142,550.00,88,293.00,16,518.00,141,666.00,86,358.00,9,325.00,,,43,061.00,43,061.00
http://www.hl.co.uk/shares/shares-search-results/a/animalcare-group-plc-ordinary-20p,Animalcare Group Plc (ANCR) Ordinary 20p,£96.33 million,163.00p,12.50,208,096,89.64,0.18,151.40,61.76,2.47,28.72,4.87,3.52,59.86,40.01,2.63,26.87,4.36,2.53,24.47,3.48,43.46,43.46
http://www.hl.co.uk/shares/shares-search-results/a/anpario-plc-ord-23p,Anpario Plc (ANP) Ord 23p,£109.86 million,490.00p,28.11,6,712,30.52,2.98,37.20,6.68,2.58,34.05,5.51,3.25,31.49,4.90,2.97,29.06,6.32,2.57,26.13,6.00,22.59,22.59
http://www.hl.co.uk/shares/shares-search-results/a/anthem-inc-common-stock-usd0.01,Anthem Inc (ANTM) Common Stock USD0.01,$60.81 bn,$239.84,,,26,502.90,3,842.80,70,540.00,44,037.10,2,469.80,65,083.10,39,982.70,2,560.00,61,717.80,38,673.70,2,560.10,61,676.30,37,425.00,2,634.30,59,574.50,34,809.30,36,262.80,36,262.80
http://www.hl.co.uk/shares/shares-search-results/a/antofagasta-holdings-ordinary-5p,Antofagasta Holdings (ANTO) Ordinary 5p,£9.39 bn,952.60p,35.99,6,703,392,9,141.60,1,197.20,14,209.70,5,068.10,176.00,13,723.20,5,213.50,88.40,13,539.60,5,020.30,813.30,12,815.10,4,780.40,1,239.80,12,389.60,3,726.00,3,630.40,3,630.40
http://www.hl.co.uk/shares/shares-search-results/a/ao-world-plc-ordinary-0.25p,AO World plc (AO.) Ordinary 0.25p,£688.18 million,150.40p,,213,458,79.60,-13.30,258.90,179.30,-7.40,203.00,162.50,-6.10,167.90,120.50,-2.50,153.10,94.50,-9.57,128.71,70.67,164.40,164.40
http://www.hl.co.uk/shares/shares-search-results/a/aortech-international-ord-5p-shares,Aortech International (AOR) Ordinary 5p shares,£10.43 million,72.00p,,670,577,1.32,-0.24,1.42,0.10,-0.60,1.92,0.17,-0.37,2.64,0.24,-0.82,3.25,0.50,-3.26,,,0.51,0.51
http://www.hl.co.uk/shares/shares-search-results/a/ap-moller-maersk-as-b-shares-dkk1000,AP Moller-Maersk A/S (MAERSK-B) B Shares DKK1000,161.75 bn DKK,7,764.00 DKK,,,32,090.00,-1,897.00,61,118.00,29,028.00,925.00,62,408.00,26,669.00,2,339.00,68,844.00,26,619.00,3,383.00,74,509.00,31,996.00,3,847.22,,,11,143.00,11,143.00
http://www.hl.co.uk/shares/shares-search-results/a/ap-moller-maersk-as-a-dkk1000,AP Moller-Maersk A/S (MAERSK-A) A Shares DKK1000,161.75 bn DKK,7,420.00 DKK,,,32,090.00,-1,897.00,61,118.00,29,028.00,925.00,62,408.00,26,669.00,2,339.00,68,844.00,26,619.00,19,007.00,403,296.00,173,188.00,21,748.00,,,11,143.00,11,143.00
http://www.hl.co.uk/shares/shares-search-results/a/apache-corp-com-stock-usd1.25-cdi,Apache Corp (APA) Com Stock USD1.25 (CDI),$17.07 bn,$46.43,,,8,791.00,1,503.00,21,922.00,13,131.00,-1,240.00,22,519.00,14,840.00,-11,159.00,25,500.00,16,010.00,-3,472.00,55,952.00,27,815.00,2,480.00,61,637.00,26,244.00,3,725.00,3,725.00
http://www.hl.co.uk/shares/shares-search-results/a/apartment-investment-and-management-com-stk,Apartment Investment & Management (AIV) COM STK USD0.01 CLASS A,$6.61 bn,$41.99,,,1,757.29,47.52,6,079.04,4,321.75,89.48,6,232.82,4,184.65,91.39,6,118.68,4,266.85,67.47,6,097.03,4,566.99,34.60,6,079.41,4,826.72,60.50,60.50
http://www.hl.co.uk/shares/shares-search-results/a/apax-global-alpha-limited-ord-npv,Apax Global Alpha Limited (APAX) Ord NPV,£655.62 million,135.50p,12.51,54,693,929.92,20.50,931.64,1.73,60.95,952.61,2.60,49.76,938.73,2.20,,,,,,,20.98,20.98
http://www.hl.co.uk/shares/shares-search-results/a/apc-technology-group-plc-ord-2p,APC Technology Group plc (APC) Ordinary 2p Shares,£8.94 million,6.75p,,200,000,4.12,0.19,11.93,7.81,-3.09,15.82,12.42,-4.00,26.33,12.64,0.30,16.01,4.62,4.26,15.37,4.78,4.19,4.19
http://www.hl.co.uk/shares/shares-search-results/a/applegreen-plc-eur0.01gbp,Applegreen plc (APGN) EUR0.01(GBP),£497.70 million,552.00p,28.63,1,681,181.31,18.66,437.46,256.15,17.23,306.08,191.07,12.00,275.92,177.63,12.28,176.66,159.00,,,,114.60,114.60
http://www.hl.co.uk/shares/shares-search-results/a/applied-graphene-material-plc-ordinary-2p,Applied Graphene Materials plc (AGM) Ordinary 2p,£21.25 million,45.00p,,15,203,6.07,-3.04,6.98,0.91,-4.34,9.55,1.04,-3.90,5.53,0.94,-2.65,8.91,0.59,,,,4.90,4.90
http://www.hl.co.uk/shares/shares-search-results/a/appscatter-group-plc-ord-gbp0.05,Appscatter Group plc (APPS) Ord GBP0.05,£36.15 million,55.00p,,23,7.18,-5.84,8.69,1.51,-8.79,6.06,2.90,,,,,,,,,,7.24,7.24
http://www.hl.co.uk/shares/shares-search-results/a/apptix-asa-nok0.0333,Apptix ASA (APP) NOK0.0333,93.30 million NOK,0.61 NOK,,,21.51,0.78,36.88,15.38,1.27,,,0.70,,,-3.11,,,-3.53,,,6.11,6.11
http://www.hl.co.uk/shares/shares-search-results/a/apq-global-limited-ordinary-shares-gbp1,APQ Global Limited (APQ) Ordinary Shares GBP1,£70.25 million,95.00p,,,99.99,5.46,122.54,22.55,0.78,95.77,0.14,,,,,,,,,,30.61,30.61
http://www.hl.co.uk/shares/shares-search-results/a/aquila-services-group-plc-ordinary-5p,Aquila Services Group plc (AQSG) Ordinary 5p,£14.64 million,45.00p,68.03,,4.31,0.40,5.55,1.24,0.40,4.03,1.09,-2.94,4.06,1.44,0.49,2.16,1.26,,,,3.08,3.08
http://www.hl.co.uk/shares/shares-search-results/a/arbuthnot-banking-group-plc-ordinary-1p,Arbuthnot Banking Group plc (ARBB) Ordinary 1p,£239.71 million,1,640.00p,,2,416,236.38,6.52,1,853.23,1,616.86,-0.54,1,265.28,1,030.93,-2.48,2,232.00,2,040.00,10.49,1,446.62,1,273.00,11.52,1,092.85,1,005.94,1,660.07,1,660.07
http://www.hl.co.uk/shares/shares-search-results/a/arc-minerals-ltd-ord-npvdi,Arc Minerals Ltd (ARCM) ORD NPV(DI),£23.92 million,4.25p,,1,543,534,15.78,-0.83,15.88,0.11,-0.85,15.05,0.15,-1.33,13.78,0.19,-1.77,15.68,0.22,-1.85,,,1.11,1.11
http://www.hl.co.uk/shares/shares-search-results/a/arc-resources-ltd-com-npv,Arc Resources Ltd (ARX) Com NPV,4.81 bn CAD,13.70 CAD,,,3,484.80,201.30,5,990.50,2,505.70,-342.70,5,932.20,2,543.70,380.80,6,325.50,2,773.70,240.70,5,736.00,2,339.90,139.20,,,1,150.30,1,150.30
http://www.hl.co.uk/shares/shares-search-results/a/arcelor-mittal-a-euro1.01,Arcelor Mittal (MT) A Euro0.01,€25.02 bn,€24.60,,,32,325.00,1,734.00,75,142.00,42,817.00,-8,423.00,76,846.00,49,276.00,-974.00,99,179.00,54,019.00,-2,575.00,112,308.00,59,135.00,-3,469.00,,,22,247.00,22,247.00
http://www.hl.co.uk/shares/shares-search-results/a/archer-daniels-midland-co-com-stk-npv,Archer Daniels Midland Co (ADM) Com Stk NPV,$25.29 bn,$46.21,,,18,375.00,1,602.00,39,963.00,21,588.00,1,288.00,39,769.00,22,564.00,1,846.00,40,157.00,22,242.00,2,253.00,43,997.00,24,367.00,1,354.00,43,752.00,23,558.00,19,925.00,19,925.00
http://www.hl.co.uk/shares/shares-search-results/a/arcontech-group-ord-12.5p,Arcontech Group plc (ARC) Ordinary 12.5p,£9.64 million,75.00p,21.89,4,034,2.80,0.47,4.70,1.90,0.41,3.80,1.57,0.35,3.45,1.66,0.06,2.83,1.41,-0.41,,,2.82,2.82
http://www.hl.co.uk/shares/shares-search-results/a/arden-partners-plc-ord-10p,Arden Partners Plc (ARDN) Ord GBP0.10,£12.09 million,41.00p,,36,250,12.55,0.73,15.21,2.67,-0.47,9.89,2.77,-2.10,9.96,2.07,0.12,16.11,4.96,0.99,30.82,19.39,15.11,15.11
http://www.hl.co.uk/shares/shares-search-results/a/arena-events-group-ord,Arena Events Group (ARE) Ord,£77.21 million,66.00p,,30,164,54.50,-3.10,91.60,37.10,-3.80,84.30,83.00,,,,,,,,,,22.40,22.40
http://www.hl.co.uk/shares/shares-search-results/a/argo-group-limited-ord-usd0.01,Argo Group Limited (ARGO) Ord USD 0.01,£8.58 million,19.00p,,,24.66,5.00,26.78,2.12,0.57,21.78,1.71,-3.18,22.73,0.29,-2.01,26.37,0.37,1.98,28.95,0.45,26.27,26.27
http://www.hl.co.uk/shares/shares-search-results/a/argonaut-gold-inc-npv,Argonaut Gold Inc (AR) Npv,407.36 million CAD,2.32 CAD,,,557.25,4.33,609.90,52.65,-202.71,578.27,37.85,-4.19,906.60,120.26,4.63,942.05,127.42,64.86,,,118.53,118.53
http://www.hl.co.uk/shares/shares-search-results/a/argos-resources-ltd-ordinary-2p,Argos Resources Ltd (ARG) Ordinary 2p,£15.56 million,8.00p,,73,213,29.46,0.12,29.52,0.06,-0.02,29.46,0.15,-1.15,29.00,0.09,-1.30,30.55,0.09,-1.84,32.02,0.31,,
http://www.hl.co.uk/shares/shares-search-results/a/arian-silver-corporation-common-shares-npv,Arian Silver Corporation (AGQ) Common Shares NPV,£1.86 million,0.28p,,,1.23,-1.55,1.32,0.09,-1.55,1.30,0.10,-2.87,1.60,0.53,-3.93,35.87,24.51,-1.61,28.37,12.58,0.94,0.94
http://www.hl.co.uk/shares/shares-search-results/a/ariana-resources-plc-ord-0.1p,Ariana Resources Plc (AAU) Ord 0.1p,£15.10 million,1.50p,0.85,298,717,19.73,0.42,23.91,4.19,11.58,22.65,4.73,-1.46,6.19,0.14,-0.89,6.72,0.25,-1.45,6.88,0.18,3.54,3.54
http://www.hl.co.uk/shares/shares-search-results/a/arix-bioscience-ord,Arix Bioscience (ARIX) Ord,£260.88 million,194.00p,,4,544,146.44,-7.47,150.12,3.67,-8.84,52.40,6.07,,,,,,,,,,76.21,76.21
http://www.hl.co.uk/shares/shares-search-results/a/armadale-capital-plc-ordinary-0.1p,Armadale Capital plc (ACP) Ordinary 0.1p,£4.55 million,1.60p,,357,428,1.94,-0.44,2.83,0.90,-0.92,9.08,0.94,-0.99,5.80,0.38,-1.08,4.69,0.41,-3.15,4.87,0.19,0.12,0.12
http://www.hl.co.uk/shares/shares-search-results/a/arrow-global-group-plc-ordinary-1p,Arrow Global Group plc (ARW) Ordinary 1p,£451.23 million,255.50p,9.48,624,975,195.32,39.91,1,259.00,1,063.19,26.31,1,048.00,880.27,31.75,772.20,626.84,18.27,583.27,461.39,15.11,338.54,233.36,1,044.00,1,044.00
http://www.hl.co.uk/shares/shares-search-results/a/artemis-alpha-trust-plc-ordinary-1p,Artemis Alpha Trust plc (ATS) Ordinary 1p,£144m,354.00p,,64,408,150.00,2.62,164.13,14.13,2.03,138.95,11.01,1.78,154.79,15.00,2.72,170.46,26.77,1.06,,,4.66,4.66
http://www.hl.co.uk/shares/shares-search-results/a/artemis-vct-plc-ordinary-10p,Artemis VCT plc (AAM) Ordinary 10p,£38m,75.00p,,16,823,,a,39.34,0.22,-0.04,38.62,0.24,a,39.24,0.24,0.11,40.64,0.37,0.04,37.02,0.27,b,b
http://www.hl.co.uk/shares/shares-search-results/a/artilium-plc-ordinary-5p,Artilium Plc (ARTA) Ordinary 5p,£65.65 million,19.00p,,425,092,17.40,-1.76,27.85,10.45,-1.53,26.36,8.27,-0.62,22.19,7.39,0.17,19.01,4.74,-0.23,,,5.37,5.37
http://www.hl.co.uk/shares/shares-search-results/a/aryzta-ag-npv2,Aryzta AG (ARYN) NPV,1.34 bn CHF,15.15 CHF,,,2,201.65,-906.14,5,701.45,3,499.80,115.50,6,931.15,3,743.38,0.03,6,645.02,3,423.08,159.54,6,938.62,4,147.16,155.79,5,831.12,3,070.49,956.31,956.31
http://www.hl.co.uk/shares/shares-search-results/a/ascent-resources-plc-ord-gbp0.2,Ascent Resources plc (AST) Ord GBP0.2,£18.72 million,0.85p,,4,005,629,43.73,-1.97,44.61,0.88,-2.68,40.73,6.86,-3.64,32.81,12.13,-5.62,33.72,13.27,-1.77,33.92,8.81,1.83,1.83
http://www.hl.co.uk/shares/shares-search-results/a/ascential-group-ltd-ordinary-1p,Ascential Group Ltd (ASCL) Ordinary 1p,£1.73 bn,432.80p,108.14,628,532,343.00,22.10,987.40,644.40,11.60,934.30,572.90,16.10,836.70,686.80,19.80,828.30,691.80,,,,151.90,151.90
http://www.hl.co.uk/shares/shares-search-results/a/asetek-as-dkk0.1,Asetek AS (ASETEK) DKK0.1,2.22 bn NOK,86.60 NOK,,,14.81,-6.28,20.98,6.17,,,,,,,,,,,,,17.73,17.73
http://www.hl.co.uk/shares/shares-search-results/a/ashley-laura-holdings-plc-ordinary-5p,Ashley (Laura) Holdings plc (ALY) Ordinary 5p,£32.97 million,4.59p,5.39,183,357,35.40,4.00,133.60,98.20,15.90,137.40,93.50,15.30,148.90,103.70,18.30,131.40,87.50,15.70,140.60,92.00,76.80,76.80
http://www.hl.co.uk/shares/shares-search-results/a/ashley-house-ordinary-1p,Ashley House Plc (ASH) Ordinary 1p,£8.48 million,14.50p,6.83,196,332,3.69,0.07,11.84,8.15,0.25,11.52,7.69,-11.90,12.84,9.29,-4.18,21.19,5.74,1.27,,,8.27,8.27
http://www.hl.co.uk/shares/shares-search-results/a/ashmore-global-opportunities-ord-npv-gbp,Ashmore Global Opportunities Ltd (AGOL) Ordinary Shares NPV GBP,,,,,62.52,11.91,63.61,1.10,-3.34,54.62,1.01,-8.28,77.25,1.60,-44.53,173.58,3.15,-75.73,282.41,4.22,0.67,0.67
http://www.hl.co.uk/shares/shares-search-results/a/ashmore-group-ord0.01,Ashmore Group plc (ASHM) Ord 0.01,£2.57 bn,361.00p,18.60,2,625,170,726.70,169.50,923.70,197.00,128.70,875.30,195.30,140.00,793.50,123.40,133.40,738.70,106.50,201.60,,,782.20,782.20
http://www.hl.co.uk/shares/shares-search-results/a/ashtead-group-plc-ordinary-10p,Ashtead Group plc (AHT) Ordinary 10p,£10.90 bn,2,234.00p,25.68,1,696,532,2,526.90,968.80,6,743.00,4,216.10,501.00,6,126.00,4,155.90,407.60,4,749.00,3,268.60,303.40,3,861.20,2,749.70,231.20,2,672.40,1,848.00,767.60,767.60
http://www.hl.co.uk/shares/shares-search-results/a/asiamet-resources-ltd-usd0.01,Asiamet Resources Ltd (ARS) USD0.01,£93.93 million,10.25p,,1,506,857,2.57,-7.50,3.78,1.21,-3.79,2.94,1.35,-7.42,1.06,0.39,-0.88,0.18,0.30,-0.33,1.54,0.88,3.67,3.67
http://www.hl.co.uk/shares/shares-search-results/a/asml-holding-nv-eur1.09,ASML Holding NV (ASML) EUR0.09,€72.05 bn,€167.65,,,11,028.74,1,556.94,18,716.85,7,688.11,1,619.49,14,514.78,5,023.63,1,196.64,12,203.95,4,691.35,1,015.49,11,513.73,4,591.30,1,146.32,,,8,483.11,8,483.11
http://www.hl.co.uk/shares/shares-search-results/a/asos-plc-ordinary-3.5p,ASOS plc (ASC) Ordinary 3.5p,£5.22 bn,6,250.00p,100.03,339,866,287.10,64.10,840.40,553.30,34.70,650.00,449.60,41.00,477.90,240.60,36.59,379.96,186.93,40.93,311.75,151.95,514.50,514.50
http://www.hl.co.uk/shares/shares-search-results/a/assetco-plc-ordinary-10p-shares2,AssetCo plc (ASTO) Ordinary 10p Shares,£48.23 million,420.00p,12.02,3,27.79,2.17,32.55,4.76,4.60,31.25,5.19,4.01,22.28,2.68,2.25,17.34,2.63,1.26,13.71,3.80,32.32,32.32
http://www.hl.co.uk/shares/shares-search-results/a/associated-british-engineering-plc-ord-2,Associated British Engineering plc (ASBE) Ordinary 2.5p,£819,596,50.00p,,,1.02,-0.96,3.12,2.10,-0.61,4.06,2.57,-0.18,4.89,2.70,-0.32,5.06,2.21,-0.09,,,2.38,2.38
http://www.hl.co.uk/shares/shares-search-results/a/associated-british-foods-ord-5,1522p,Associated British Foods plc (ABF) Ordinary 5,15/22p Shares,£20.62 bn,2,606.00p,25.58,3,870,740,8,412.00,1,211.00,12,810.00,4,398.00,821.00,11,376.00,4,254.00,516.00,10,219.00,3,708.00,783.00,10,472.00,3,719.00,628.00,10,374.00,3,855.00,5,190.00,5,190.00
http://www.hl.co.uk/shares/shares-search-results/a/assura-plc-ord-shs-gbp0.10,Assura plc (AGR) Ord Shs GBP0.10,£1.37 bn,57.30p,23.79,3,665,531,1,250.40,71.80,1,784.40,534.00,95.30,1,379.60,561.60,27.90,1,163.90,409.60,37.20,1,007.30,555.40,23.80,713.70,487.10,50.80,50.80
http://www.hl.co.uk/shares/shares-search-results/a/assurant-inc-com-stk-usd0.01,Assurant Inc (AIZ) Com Stk USD0.01,$6.55 bn,$105.14,,,4,281.50,519.60,31,843.00,27,561.50,565.40,29,709.10,25,611.00,141.55,30,036.40,25,512.44,470.91,31,562.47,26,381.16,488.91,29,714.69,24,881.21,996.80,996.80
http://www.hl.co.uk/shares/shares-search-results/a/astrazeneca-plc-2-adrs-repr-1-ordinary,AstraZeneca plc (AZN) 2 ADRs Rpr 1 Ord USD0.25,$86.25 bn,$34.90,,,16,642.00,2,868.00,63,354.00,46,712.00,3,406.00,62,526.00,45,857.00,2,826.00,60,056.00,41,547.00,1,235.00,58,595.00,38,949.00,2,571.00,55,899.00,32,646.00,13,150.00,13,150.00
http://www.hl.co.uk/shares/shares-search-results/a/astrazeneca-plc-ordinary-us$0.25,AstraZeneca plc (AZN) Ordinary US$0.25,£65.65 bn,5,178.00p,15.90,1,924,732,16,642.00,2,868.00,63,354.00,46,712.00,3,406.00,62,526.00,45,857.00,2,826.00,60,056.00,41,547.00,1,235.00,58,595.00,38,949.00,2,571.00,55,899.00,32,646.00,13,150.00,13,150.00
http://www.hl.co.uk/shares/shares-search-results/a/at-and-t-inc-common-stock-us$1-cdi,AT&T INC (T) Common Stock US$1 (CDI),$235.97 bn,$32.62,,,142,007.00,29,847.00,444,097.00,302,090.00,13,333.00,403,821.00,279,711.00,13,687.00,402,672.00,279,032.00,6,736.00,296,834.00,206,564.00,18,553.00,277,787.00,186,305.00,79,146.00,79,146.00
http://www.hl.co.uk/shares/shares-search-results/a/atalaya-mining-plc-ordinary-shares-7.5p,Atalaya Mining plc (ATYM) Ordinary Shares 7.5p,£343.35 million,252.00p,28.09,137,873,246.85,18.21,374.37,127.52,13.70,311.23,121.01,-15.01,224.14,47.78,-11.25,107.23,50.30,-18.92,77.23,25.43,90.87,90.87
http://www.hl.co.uk/shares/shares-search-results/a/atea-asa-nok10,Atea ASA (ATEA) NOK10,12.50 bn NOK,116.40 NOK,,,3,374.00,543.00,14,915.00,11,541.00,512.00,13,456.00,10,256.00,393.00,13,731.00,10,251.00,429.00,12,623.70,9,074.50,429.00,12,623.00,9,074.00,9,663.00,9,663.00
http://www.hl.co.uk/shares/shares-search-results/a/athelney-trust-ordinary-25p,Athelney Trust (ATY) Ordinary 25p,£5m,262.00p,,113,,a,6.17,0.02,0.21,5.43,0.01,a,4.87,0.02,0.21,4.54,0.02,a,4.37,0.02,b,b
http://www.hl.co.uk/shares/shares-search-results/a/atlantia-spa-eur1,Atlantia Spa (ATL) EUR1,€20.81 bn,€25.29,,,10,008.61,1,242.76,38,780.86,28,772.26,967.35,34,120.99,25,638.18,708.95,34,177.46,25,914.14,708.84,36,413.48,28,203.82,836.94,,,6,146.32,6,146.32
http://www.hl.co.uk/shares/shares-search-results/a/atlantic-power-corp-common-npv,Atlantic Power Corp (ATP) Common NPV,325.04 million CAD,2.91 CAD,,,285.90,-113.90,1,456.80,1,170.90,-84.10,1,671.20,1,236.00,-153.20,2,916.00,2,099.50,-23.60,3,395.00,2,299.00,-114.20,,,164.90,164.90
http://www.hl.co.uk/shares/shares-search-results/a/atlantis-japan-growth-fund-ordinary-npv,Atlantis Japan Growth Fund (AJG) Ordinary NPV,£111m,222.00p,,38,291,99.69,-0.35,110.05,10.35,-0.74,93.10,6.15,-0.73,106.22,12.72,-0.06,97.34,13.25,-0.02,,,3.48,3.48
http://www.hl.co.uk/shares/shares-search-results/a/atlas-mara-ltd-ordinary-shares-npv,Atlas Mara Ltd (ATMA) Ordinary Shares NPV,$506.79 million,$2.47,0.15,345,813.22,47.79,3,140.39,2,327.16,9.29,2,755.99,2,229.94,12.36,2,452.11,1,826.58,-63.45,2,621.43,1,939.01,,,,603.14,603.14
http://www.hl.co.uk/shares/shares-search-results/a/ats-automation-tooling-systems-inc-npv,ATS Automation Tooling Systems Inc (ATA) NPV,1.83 bn CAD,18.94 CAD,,,686.01,35.03,1,374.57,688.56,39.60,1,367.46,716.91,38.90,1,220.67,649.94,49.42,778.38,260.85,41.07,,,661.57,661.57
http://www.hl.co.uk/shares/shares-search-results/a/attraqt-group-plc-ordinary-1p,Attraqt Group plc (ATQT) Ordinary 1p,£37.23 million,36.00p,,,23.92,-4.07,32.60,8.69,-1.79,2.19,0.77,-0.65,3.73,0.70,-1.41,0.91,0.54,-0.46,0.78,0.38,6.19,6.19
http://www.hl.co.uk/shares/shares-search-results/a/auctus-growth-plc-ordinary-10p,Auctus Growth plc (AUCT) Ordinary 10p,£960,840,38.00p,,,0.96,-0.04,0.98,0.02,-0.04,1.01,0.02,-0.19,1.05,0.02,-0.04,1.13,0.02,,,,0.98,0.98
http://www.hl.co.uk/shares/shares-search-results/a/audioboom-group-plc-ordinary-shares-npv,Audioboom Group plc (BOOM) Ordinary Shares NPV,£22.33 million,2.00p,,844,265,3.35,-4.79,5.62,2.27,-4.77,2.27,0.94,-7.28,3.94,0.55,-4.00,9.25,0.38,-0.55,0.13,0.13,3.17,3.17
http://www.hl.co.uk/shares/shares-search-results/a/augean-ord-gbp0.10,Augean (AUG) Ord GBP0.10,£37.75 million,38.00p,8.37,10,000,50.10,-3.49,94.59,44.48,0.41,93.94,39.37,1.69,80.89,26.49,4.80,79.60,25.84,3.23,72.98,25.03,26.59,26.59
http://www.hl.co.uk/shares/shares-search-results/a/aukett-swanke-group-plc-ordinary-1p,Aukett Swanke Group plc (AUK) Ordinary 1p,£3.68 million,2.70p,4.47,41,416,6.76,-0.30,13.59,6.83,0.82,15.97,8.78,1.66,12.61,6.36,1.05,12.01,6.96,0.37,7.35,4.32,9.12,9.12
http://www.hl.co.uk/shares/shares-search-results/a/aura-energy-limited-npv,Aura Energy Limited (AURA) NPV,£12.30 million,1.20p,,215,992,16.90,-3.69,17.64,0.74,-1.63,14.56,0.72,-2.49,14.34,0.58,,,,,,,2.76,2.76
http://www.hl.co.uk/shares/shares-search-results/a/aurora-investment-trust-plc-ordinary-25p,Aurora Investment Trust plc (ARR) Ordinary 25p,£115m,220.00p,,60,458,87.37,1.31,87.44,0.07,0.64,51.50,0.07,0.20,18.64,0.20,0.42,21.89,4.07,1.21,24.47,4.53,4.86,4.86
http://www.hl.co.uk/shares/shares-search-results/a/aurubis-ag-ordinary-shares,Aurubis AG (NDA) Ordinary Shares,€3.02 bn,€67.66,,,2,365.75,352.38,4,361.02,1,995.27,123.52,4,026.98,2,035.84,133.57,4,044.58,2,076.01,44.10,3,943.21,2,065.37,-152.18,4,035.25,2,085.88,2,833.64,2,833.64
http://www.hl.co.uk/shares/shares-search-results/a/austevoll-seafood-asa-nok0.50,Austevoll Seafood ASA (AUSS) NOK0.50,20.13 bn NOK,101.20 NOK,,,10,699.32,1,799.45,21,224.26,10,524.94,581.82,,,526.66,,,1,766.08,,,987.95,,,9,947.71,9,947.71
http://www.hl.co.uk/shares/shares-search-results/a/autins-group-plc-ord,Autins Group plc (AUTG) Ord,£10.39 million,48.00p,23.15,,15.94,0.40,26.08,10.13,0.30,25.69,9.97,0.72,13.00,10.69,,,,,,,10.97,10.97
http://www.hl.co.uk/shares/shares-search-results/a/auto-trader-group-plc-ordinary-1p,Auto Trader Group plc (AUTO) Ordinary Shares 1p,£3.95 bn,416.60p,27.43,6,026,464,4.60,171.30,400.70,396.10,154.70,390.50,411.90,126.70,397.50,449.00,8.50,414.50,590.60,,,,59.80,59.80
http://www.hl.co.uk/shares/shares-search-results/a/autogrill-spa-eur0.52,Autogrill SpA (AGL) EUR0.52,€2.67 bn,€10.55,,,687.60,114.52,2,419.54,1,731.94,78.55,2,401.59,1,801.61,36.98,2,301.37,1,810.71,8.33,2,205.02,1,760.26,7.43,,,496.76,496.76
http://www.hl.co.uk/shares/shares-search-results/a/autonation-inc-com-stk-usd0.01,Autonation Inc (AN) Com Stk USD0.01,$4.40 bn,$48.97,,,2,369.30,435.00,10,271.50,7,902.20,431.70,10,060.00,7,749.70,443.70,9,548.20,7,198.90,419.80,8,399.70,6,327.60,375.80,7,914.10,5,852.40,4,797.50,4,797.50
http://www.hl.co.uk/shares/shares-search-results/a/autozone-inc-com-stk-usd0.01,Autozone Inc (AZO) Com Stk USD0.01,$17.65 bn,$676.13,,,-1,428.38,1,280.87,9,259.78,10,688.16,1,241.01,8,599.79,10,387.32,1,160.24,8,102.35,9,803.74,1,069.74,7,497.16,9,119.02,1,016.48,6,892.09,8,579.41,4,611.26,4,611.26
http://www.hl.co.uk/shares/shares-search-results/a/avacta-group-plc-ordinary-10p,Avacta Group plc (AVCT) Ordinary Shares 10p,£19.66 million,30.00p,,232,29.89,-6.37,31.55,1.66,-4.65,37.55,1.70,-4.89,21.40,2.27,-1.47,31.05,2.21,-1.52,17.66,2.10,15.80,15.80
http://www.hl.co.uk/shares/shares-search-results/a/avalonbay-communications-com-stock,Avalonbay Communications (AVB) Common Stock,$23.58 bn,$172.47,,,10,394.10,876.66,18,414.82,8,020.72,1,033.71,17,867.27,7,688.09,741.73,16,931.30,7,080.78,659.15,16,140.58,7,094.17,57.83,15,328.14,6,728.42,67.09,67.09
http://www.hl.co.uk/shares/shares-search-results/a/avanti-communications-group-plc-ord-1p,Avanti Communications Group plc (AVN) Ord 1p,£115.95 million,5.98p,,134,100,133.70,-65.70,807.80,674.10,-69.20,942.30,740.80,-73.30,881.80,577.10,-87.69,881.56,572.15,-48.33,,,95.90,95.90
http://www.hl.co.uk/shares/shares-search-results/a/avation-plc-ordinary-1p,Avation Plc (AVAP) Ordinary 1p,£143.72 million,231.00p,8.35,22,180,195.92,21.26,901.13,705.21,18.27,831.78,658.18,14.48,586.18,457.98,14.76,415.63,304.86,11.96,,,134.08,134.08
http://www.hl.co.uk/shares/shares-search-results/a/avery-dennison-corp-common-stock-usd1,Avery Dennison Corp (AVY) Common Stock USD1,$8.85 bn,$100.51,,,1,046.20,281.80,5,136.90,4,090.70,320.70,4,396.40,3,470.90,274.40,4,133.70,3,168.00,251.10,4,360.20,3,293.70,244.30,4,610.60,3,118.40,2,237.90,2,237.90
http://www.hl.co.uk/shares/shares-search-results/a/avesoro-resources-inc-ord-npv-di,Avesoro Resources Inc (ASO) Ord NPV (DI),£212.10 million,262.00p,,18,212,130.27,-27.41,337.04,206.77,-112.99,227.24,122.27,-42.45,245.32,133.83,-3.44,266.97,86.66,-7.42,166.08,6.94,81.72,81.72
http://www.hl.co.uk/shares/shares-search-results/a/aveva-group-plc-ordinary-3.555p,AVEVA Group plc (AVV) Ordinary 3.555p,£4.14 bn,2,572.00p,38.82,289,809,1,926.22,47.66,2,371.71,445.49,38.40,498.49,326.54,20.47,296.00,95.07,41.56,293.36,103.43,51.01,277.89,92.91,389.35,389.35
http://www.hl.co.uk/shares/shares-search-results/a/avingtrans-plc-ordinary-5p-shares,Avingtrans plc (AVG) Ordinary 5p Shares,£72.99 million,238.00p,226.50,78,784,44.90,-0.30,54.50,9.60,0.40,77.40,12.60,-0.78,62.00,27.75,2.91,61.06,28.40,1.30,,,43.00,43.00
http://www.hl.co.uk/shares/shares-search-results/a/aviva-plc-8-34-cum-irrd-prf-gbp1,Aviva plc (AV.A) 8 3/4% Cum Irrd Prf GBP1,n/a,153.00p,,21,923,19,551.00,859.00,440,419.00,420,868.00,1,097.00,387,831.00,369,561.00,1,680.00,285,719.00,273,443.00,878.00,278,876.00,267,859.00,-86.00,,,49,384.00,49,384.00
http://www.hl.co.uk/shares/shares-search-results/a/aviva-plc-ordinary-25p,Aviva plc (AV.) Ordinary 25p,£19.84 bn,499.30p,32.52,11,155,446,19,135.00,1,646.00,442,685.00,423,550.00,859.00,440,419.00,420,868.00,1,097.00,387,831.00,369,561.00,1,680.00,285,719.00,273,443.00,878.00,281,627.00,270,610.00,54,492.00,54,492.00
http://www.hl.co.uk/shares/shares-search-results/a/aviva-plc-8-38-cum-irrd-pref-1,Aviva plc (AV.B) 8 3/8% Cum Irrd Pref GBP1,n/a,149.00p,,22,322,19,551.00,859.00,440,419.00,420,868.00,1,097.00,387,831.00,369,561.00,1,680.00,285,719.00,273,443.00,878.00,278,876.00,267,859.00,-86.00,,,49,384.00,49,384.00
http://www.hl.co.uk/shares/shares-search-results/a/avocet-mining-plc-ordinary-1p,Avocet Mining plc (AVM) Ordinary 1p,£2.30 million,12.45p,0.65,43,659,-65.60,4.79,43.60,109.20,-49.70,48.68,119.10,-149.79,104.28,125.41,-152.87,247.40,120.78,-102.50,,,24.82,24.82
http://www.hl.co.uk/shares/shares-search-results/a/avon-products-com-stk-usd-0.25,Avon Products (AVP) Com Stk USD 0.25,$711.11 million,$1.63,,,-714.70,20.00,3,697.90,4,412.60,-93.40,3,418.90,4,255.10,-796.50,3,870.40,4,926.80,-344.50,5,596.80,5,291.50,-1.00,6,492.30,5,364.80,2,233.30,2,233.30
http://www.hl.co.uk/shares/shares-search-results/a/avon-rubber-plc-ordinary-gbp1,Avon Rubber plc (AVON) Ordinary GBP1,£431.22 million,1,400.00p,19.07,242,112,55.60,21.50,147.20,91.60,17.90,130.30,88.30,15.17,108.58,66.37,10.81,71.79,46.77,8.84,71.38,50.68,72.30,72.30
http://www.hl.co.uk/shares/shares-search-results/a/axa-euro-2.29,AXA (CS) Euro 2.29,€50.67 bn,€21.20,,,75,880.00,6,632.00,892,783.00,816,903.00,5,923.00,887,070.00,814,429.00,5,337.00,840,069.00,772,035.00,4,786.00,755,442.00,699,998.00,4,187.00,,,26,314.00,26,314.00
http://www.hl.co.uk/shares/shares-search-results/a/axa-property-trust-ordinary-shares-npv2,Axa Property Trust (APT) Ordinary NPV,,,,,15.66,-0.92,17.74,2.07,1.41,57.59,18.90,7.15,76.88,27.52,-2.39,88.12,37.70,-3.37,,,5.43,5.43
http://www.hl.co.uk/shares/shares-search-results/a/axel-springer-se-npv,Axel Springer SE (SPR) NPV,€6.77 bn,€63.35,,,2,638.60,450.00,6,456.20,3,817.60,304.60,6,504.60,3,993.10,235.70,5,708.40,3,202.70,178.60,4,773.70,2,529.70,190.70,,,1,063.20,1,063.20
http://www.hl.co.uk/shares/shares-search-results/a/axiom-european-financial-debt-ltd-ord-npv,Axiom European Financial Debt Limited (AXI) Ord NPV,£79.04 million,105.00p,,,79.36,9.74,97.13,17.76,1.34,60.88,2.87,,,,,,,,,,17.48,17.48
http://www.hl.co.uk/shares/shares-search-results/a/azimut-holding-spa-ordinary-npv,Azimut Holding SpA (AZM) Ordinary NPV,€1.90 bn,€13.40,,,645.07,177.30,7,727.28,7,082.21,249.99,6,946.24,6,219.02,93.24,5,139.50,4,495.59,155.88,3,786.46,3,095.94,160.37,,,0.02,0.02
http://www.hl.co.uk/shares/shares-search-results/a/assicurazioni-generali-spa-eur1,Generali CEE Holding B.V. (G) EUR1,€22.39 bn,€14.61,,,25,668.00,2,239.00,521,184.00,495,516.00,2,295.00,500,549.00,475,841.00,1,921.00,501,318.00,477,133.00,1,657.00,449,655.00,428,251.00,314.00,,,7,533.00,7,533.00
http://www.hl.co.uk/shares/shares-search-results/b/b-and-m-european-value-retail-sa-ordinary-10p,B&M European Value Retail SA (BME) Ordinary 10p,£4.06 bn,405.50p,27.22,2,146,493,925.39,185.81,2,056.86,1,131.48,144.03,1,773.52,959.90,144.03,1,773.52,959.89,125.80,1,564.90,750.55,40.00,1,428.00,704.51,683.55,683.55
http://www.hl.co.uk/shares/shares-search-results/b/b.p-marsh-and-partners-ord-gbp0.10,B.P Marsh & Partners (BPM) Ord GBP0.10,£85.08 million,280.00p,8.42,79,448,98.87,20.25,101.54,2.67,9.79,88.36,8.68,8.70,77.08,6.26,4.93,67.00,4.17,3.83,66.45,7.53,5.04,5.04
http://www.hl.co.uk/shares/shares-search-results/b/b.s.d-crown-limited-ordinary-ils-0.01,B.S.D Crown Limited (BSD) Ordinary Ils 0.01,£27.16 million,22.00p,,35,113.43,-18.77,124.49,11.06,-38.70,161.69,24.43,-3.00,160.44,21.54,0.92,,,2.88,,,101.84,101.84
http://www.hl.co.uk/shares/shares-search-results/b/b2gold-corp-com-npv,B2Gold Corp (BTO) Com Npv,3.36 bn CAD,3.37 CAD,,,1,454.56,38.60,2,336.14,881.57,-145.11,2,024.38,711.84,-666.39,2,118.60,593.26,67.30,2,309.73,638.36,51.91,,,277.07,277.07
http://www.hl.co.uk/shares/shares-search-results/b/babcock-international-group-ordinary-60p,Babcock International Group (BAB) Ordinary 60p,£3.95 bn,782.20p,9.81,2,027,505,2,911.00,337.70,6,321.00,3,410.00,315.60,6,130.90,3,438.70,291.10,5,678.60,3,322.30,266.40,5,564.10,3,366.00,188.00,3,131.20,2,105.10,1,570.70,1,570.70
http://www.hl.co.uk/shares/shares-search-results/b/bacanora-lithium-plc-ord-gbp0.1,Bacanora Lithium Plc (BCN) ORD GBP0.1,£119.41 million,90.00p,,668,508,66.06,-18.85,73.69,7.63,-12.42,49.28,2.07,-2.76,24.73,1.08,-2.50,13.46,1.01,,,,39.46,39.46
http://www.hl.co.uk/shares/shares-search-results/b/badger-daylighting-ltd-npv,Badger Daylighting Ltd (BAD) NPV,1.18 bn CAD,31.10 CAD,,,279.07,28.91,458.35,179.28,38.49,446.69,179.00,53.10,444.30,220.05,40.36,333.90,162.83,28.05,,,164.94,164.94
http://www.hl.co.uk/shares/shares-search-results/b/bae-systems-plc-ordinary-2.5p,BAE Systems plc (BA.) Ordinary 2.5p,£20.44 bn,640.80p,15.88,5,174,197,4,784.00,884.00,22,453.00,17,669.00,938.00,22,976.00,19,512.00,943.00,20,083.00,17,081.00,752.00,19,788.00,17,911.00,176.00,19,681.00,16,263.00,7,715.00,7,715.00
